ID,LakeName,ResidentialCount_2004,ResidentialCount_2005,ResidentialCount_2006,ResidentialCount_2007,ResidentialCount_2008,ResidentialCount_2009,ResidentialCount_2010,ResidentialCount_2011,ResidentialCount_2012,ResidentialCount_2013,ResidentialCount_2014,ResidentialCount_2015,AgriculturalCount_2004,AgriculturalCount_2005,AgriculturalCount_2006,AgriculturalCount_2007,AgriculturalCount_2008,AgriculturalCount_2009,AgriculturalCount_2010,AgriculturalCount_2011,AgriculturalCount_2012,AgriculturalCount_2013,AgriculturalCount_2014,AgriculturalCount_2015,CommercialCount_2004,CommercialCount_2005,CommercialCount_2006,CommercialCount_2007,CommercialCount_2008,CommercialCount_2009,CommercialCount_2010,CommercialCount_2011,CommercialCount_2012,CommercialCount_2013,CommercialCount_2014,CommercialCount_2015,IndustrialCount_2004,IndustrialCount_2005,IndustrialCount_2006,IndustrialCount_2007,IndustrialCount_2008,IndustrialCount_2009,IndustrialCount_2010,IndustrialCount_2011,IndustrialCount_2012,IndustrialCount_2013,IndustrialCount_2014,IndustrialCount_2015,PublicCount_2004,PublicCount_2005,PublicCount_2006,PublicCount_2007,PublicCount_2008,PublicCount_2009,PublicCount_2010,PublicCount_2011,PublicCount_2012,PublicCount_2013,PublicCount_2014,PublicCount_2015
1,Acorn Lake,3107,3105,8442,8844,9086,8980,6170,6178,6106,6109,4940,4934,0,0,11,11,11,11,26,26,22,22,32,32,0,0,0,0,0,0,160,171,296,306,303,289,26,26,26,26,27,27,19,19,98,102,105,98,188,184,589,598,401,573,554,562,695,693,688,663
2,Alice Lake,0,0,1258,1237,1112,1205,647,673,612,609,612,577,0,0,28,28,28,26,50,68,24,24,18,22,0,0,0,0,0,0,32,56,30,30,32,32,0,0,0,0,0,0,0,0,4,4,8,8,0,0,226,230,116,232,254,318,248,248,239,200
3,Alimagnet Lake,5226,5248,5258,5260,5255,5257,5255,5253,5251,5232,5232,5230,0,0,0,0,0,0,0,0,0,0,0,0,85,88,89,89,89,89,89,85,81,83,83,83,0,0,0,0,0,0,0,0,0,0,0,0,2,2,2,2,2,2,2,2,2,2,2,2
4,Anderson Pond,2395,2443,2447,2449,2442,2442,2446,2444,2444,2442,2440,2436,0,0,0,0,0,0,0,0,0,0,0,0,113,117,115,115,115,113,113,113,113,107,109,109,12,10,10,10,10,10,10,10,10,10,10,10,4,4,4,4,4,4,4,4,4,4,4,4
5,Ann Lake,1616,1620,1606,1606,1606,1611,1056,1055,1054,1065,1054,1074,14,10,8,8,8,8,8,8,8,8,4,4,0,0,0,0,0,0,104,104,104,104,104,104,16,16,16,16,16,16,16,16,16,16,16,16,75,77,76,78,84,84,64,66,67,66,68,70
6,Ardmore Lake,0,718,707,704,698,705,699,698,696,482,487,483,0,28,26,32,27,32,29,28,30,33,33,33,0,70,69,70,69,70,66,68,68,65,65,67,0,8,6,6,8,8,8,8,8,10,10,10,0,15,13,13,16,16,16,16,16,18,18,18
7,Armstrong Lake,0,0,4546,4515,4729,4576,2346,2344,2331,2333,2331,2334,0,0,22,20,21,20,24,24,20,26,26,14,0,0,8,8,8,8,400,396,656,642,644,661,0,0,0,0,0,0,0,0,304,304,304,304,0,0,441,459,235,469,586,600,596,601,605,589
8,Assumption Lake,607,411,38,38,36,36,498,566,615,817,584,576,1284,921,213,209,215,218,794,900,909,927,880,898,0,8,0,0,0,0,2,60,51,34,48,60,12,8,0,0,0,0,10,28,26,14,28,32,131,96,3,3,3,3,155,177,173,172,172,192
9,Auburn Lake,109,109,111,110,110,112,61,61,62,81,75,75,14,14,14,13,15,15,16,16,16,16,16,16,0,0,0,0,0,0,2,2,2,2,2,2,0,0,0,0,0,0,0,0,0,0,0,0,4,4,4,4,4,3,0,0,0,0,2,2
10,Aue Lake,105,112,115,118,118,115,67,66,63,73,69,69,113,107,104,106,109,108,115,116,115,118,120,119,0,0,0,0,0,0,8,6,9,9,7,7,0,0,0,0,0,0,0,0,0,0,0,0,2,2,2,2,2,4,6,6,6,10,10,10
11,Bald Eagle Lake,1351,1428,1427,1433,1413,1436,1483,1487,1469,1468,954,953,0,0,0,0,0,0,0,0,0,0,0,0,0,0,0,0,0,0,0,0,0,0,0,0,0,0,0,0,0,0,0,0,0,0,0,0,104,106,102,106,108,110,14,18,81,81,81,77
12,Baldwin Lake,574,586,2169,2171,2133,2132,2143,2140,2136,2133,1994,1996,0,3018,22,20,20,20,20,20,20,20,20,8,0,56,76,68,68,68,74,74,80,80,82,82,0,0,4,6,6,6,6,6,6,6,6,6,16,16,168,178,171,171,159,159,191,193,197,197
13,Barker Lake,0,0,144,143,151,153,112,115,93,93,91,93,0,0,123,121,121,119,138,148,104,94,94,96,0,0,0,0,0,0,0,0,0,0,0,0,0,0,0,0,0,0,0,0,0,0,0,0,0,0,14,14,7,14,56,68,20,18,18,18
14,Barnes Lake,82,143,193,183,184,186,100,100,101,105,102,102,53,53,51,58,55,54,58,58,57,61,54,54,0,0,0,0,0,0,4,4,4,4,4,4,0,0,0,0,0,0,0,0,0,0,2,2,4,4,4,12,21,21,20,20,20,20,20,20
15,Bass Lake,0,0,339,339,341,343,206,225,186,187,187,179,0,0,108,108,104,106,92,102,68,68,68,68,0,0,0,0,0,0,0,0,0,0,0,0,0,0,0,0,0,0,0,0,0,0,0,0,0,0,14,14,7,14,36,76,14,14,14,14
16,Battle Creek Lake,317,316,3656,3597,3799,3687,2031,2030,2028,2026,1897,1898,0,0,12,12,12,12,12,12,12,12,12,4,0,0,0,0,0,0,382,386,382,378,384,370,0,0,2,2,2,2,4,4,80,80,84,84,6,6,307,311,163,318,406,410,408,418,416,390
17,Bavaria Lake,1774,1961,2099,2288,2322,2283,1431,1475,1564,1693,1724,1724,59,203,58,52,43,43,48,48,52,50,48,46,0,0,0,0,0,0,5,5,6,7,2,2,0,0,0,0,0,0,0,0,0,0,0,0,40,64,70,78,100,105,102,102,110,113,129,154
18,Bay Pond,0,0,930,1018,1083,1084,552,557,543,541,553,545,0,0,102,94,98,94,112,112,84,82,80,80,0,0,0,0,0,0,6,6,0,0,0,0,0,0,0,0,0,0,0,0,0,0,0,0,0,0,43,37,19,37,130,130,122,122,126,121
19,Benton Lake,715,721,726,741,742,733,498,494,483,500,491,490,91,99,113,89,91,95,88,90,90,89,91,91,0,0,0,0,0,0,65,65,65,65,65,65,17,19,19,19,19,19,19,19,21,21,25,25,46,46,47,47,49,51,50,46,50,55,55,56
20,Benz Lake,0,0,161,159,163,161,102,95,84,83,80,82,0,0,34,36,32,34,40,42,26,26,26,26,0,0,0,0,0,0,4,4,0,0,0,0,0,0,0,0,0,0,0,0,0,0,0,0,0,0,9,9,4,9,34,28,8,10,10,10
21,Berliner Lake,966,1240,1242,1364,1359,1355,886,882,863,922,887,887,423,296,433,302,298,288,297,297,297,300,307,311,0,0,0,0,0,0,117,117,115,115,99,101,22,18,18,18,16,16,16,16,16,16,18,16,46,54,54,62,76,84,92,94,94,96,88,90
22,Beutel Pond,0,0,2473,2467,2523,2470,1274,1275,1268,1268,1269,1261,0,0,24,24,23,22,20,20,14,14,20,17,0,0,0,0,0,0,92,94,94,92,86,84,0,0,0,0,0,0,0,0,8,8,8,8,0,0,196,196,100,200,216,216,216,218,218,216
23,Big Carnelian Lake,0,0,643,633,576,627,315,319,313,317,316,313,0,0,27,27,29,29,26,28,22,22,20,20,0,0,0,0,0,0,0,0,0,0,0,0,0,0,0,0,0,0,0,0,0,0,0,0,0,0,24,24,11,24,32,32,32,32,32,28
24,Big Marine Lake,0,0,81,79,72,79,42,43,41,39,39,39,0,0,30,30,30,30,30,32,22,22,22,22,0,0,0,0,0,0,0,0,0,0,0,0,0,0,0,0,0,0,0,0,0,0,0,0,0,0,108,108,55,110,126,150,118,122,122,119
25,Big Woods Lake,139,139,138,138,141,142,101,101,99,107,102,102,18,20,18,18,16,16,15,15,16,15,13,13,0,0,0,0,0,0,28,28,30,31,26,24,100,107,107,107,107,106,108,108,114,114,118,112,58,58,58,58,60,64,73,73,62,58,61,61
26,Birch Lake,5939,6019,6176,6212,6177,6189,6542,6630,6305,6307,4012,3930,23,23,51,51,41,39,53,47,28,30,30,30,13,15,13,13,15,13,112,112,331,336,352,371,88,84,80,94,97,107,89,91,103,90,90,88,507,504,496,523,522,522,180,261,230,228,231,184
27,Bone Lake,0,0,329,325,323,329,174,178,166,164,164,156,0,0,72,70,70,68,80,78,62,64,64,58,0,0,0,0,0,0,12,12,12,12,4,5,0,0,0,0,0,0,0,0,0,0,4,5,0,0,21,21,13,21,48,44,32,32,20,14
28,Brand Lake,998,1062,1066,1070,1070,1073,831,832,808,852,834,829,194,192,199,215,199,196,193,187,198,198,204,208,0,0,0,0,0,0,175,177,177,177,165,167,18,23,23,9,9,9,10,10,14,16,20,20,135,136,134,136,161,161,199,186,186,184,179,179
29,Braunworth Lake,402,399,406,409,409,406,283,283,279,294,286,286,53,56,50,48,48,48,50,50,49,51,48,47,0,0,0,0,0,0,24,24,24,24,20,20,2,2,2,2,2,2,2,2,2,2,4,4,31,31,31,31,31,31,32,32,32,29,29,29
30,Brick Pond,0,0,2785,2879,2951,2899,1476,1463,1450,1453,1447,1388,0,0,5,3,4,3,8,8,4,4,4,4,0,0,0,0,0,0,472,468,462,456,462,459,0,0,28,28,28,28,56,52,84,80,92,92,0,0,316,309,158,308,382,392,376,370,366,323
31,Brickyard Clayhole Lake,1583,1575,1582,1652,1708,1702,1078,1076,1068,1101,1124,1124,12,12,78,4,4,4,4,4,4,4,4,4,0,0,0,0,0,0,92,92,90,90,90,88,5,5,5,8,8,8,8,10,14,14,12,12,136,158,156,156,160,157,139,141,141,140,150,150
32,Bryant Lake,0,767,657,659,668,665,665,667,665,417,425,416,0,0,0,0,0,0,0,0,0,0,0,0,0,64,91,92,188,129,129,127,128,137,129,131,0,42,42,42,112,42,42,42,42,42,42,42,0,6,7,7,8,8,8,8,8,8,14,14
33,Buck Lake,461,288,0,0,0,0,287,324,403,557,384,385,210,142,0,0,0,0,132,118,109,107,109,111,0,0,0,0,0,0,0,28,24,22,24,24,0,0,0,0,0,0,0,0,0,0,0,0,12,10,0,0,0,0,6,16,16,16,22,22
34,Burandt Lake,3888,4209,4400,4556,4605,4610,3202,3199,3188,3225,3197,3260,60,216,249,55,47,48,49,51,51,51,56,50,0,0,0,0,0,0,409,407,409,407,401,404,48,52,52,52,52,52,52,52,52,54,66,66,210,220,226,236,256,252,225,227,227,227,223,234
35,Bush Lake,3,13307,12891,12914,12952,12798,12792,12786,12867,8254,8273,8293,0,116,116,116,116,116,122,122,122,122,122,122,0,150,149,147,174,155,153,155,156,155,155,155,0,116,111,114,118,114,116,118,114,112,112,110,3,420,415,415,417,417,419,421,421,422,422,420
36,Byllesby Lake,3628,3848,3918,3986,3999,4042,4162,3977,5256,5285,5303,5341,2410,2622,2683,2589,2566,2640,2641,2678,2693,2677,2725,2701,145,145,151,152,148,156,154,148,144,141,142,146,33,31,31,78,80,36,38,42,46,42,40,40,593,613,616,618,607,623,720,786,825,830,880,877
37,Calhoun Lake,0,7106,6796,32846,15722,18198,18137,18097,18148,27926,27926,27839,0,163,361,26408,9264,11726,11672,11638,11692,21964,21964,21860,0,2137,2041,27814,12342,13562,13089,12583,12387,22594,22530,22526,0,835,696,670,2542,1566,1030,547,39,37,33,33,0,17,13,14,20,20,20,20,20,20,20,20
38,Campbell Lake,142,146,151,151,151,258,168,162,155,197,163,163,338,337,333,333,442,339,342,339,343,340,354,357,0,0,0,0,0,0,11,10,10,10,13,13,0,0,0,0,0,0,0,0,0,0,2,2,10,10,10,10,8,4,9,9,9,11,11,11
39,Capaul Pond,0,0,192,197,197,197,103,105,99,100,100,97,0,0,32,26,27,26,44,46,28,28,28,28,0,0,0,0,0,0,8,8,0,0,0,0,0,0,0,0,0,0,0,0,0,0,0,0,0,0,19,19,9,19,18,22,18,16,16,16
40,Carol Lake,0,0,245,245,248,247,132,131,126,126,126,127,0,0,48,48,46,46,54,52,42,40,42,40,0,0,0,0,0,0,8,8,0,0,0,0,0,0,0,0,0,0,0,0,0,0,0,0,0,0,10,10,5,10,16,10,10,10,10,10
41,Carver Lake,4086,4083,10018,10014,10198,10049,7193,7257,7212,7212,5523,5519,2,2,8,8,8,8,8,8,8,8,8,8,0,0,0,0,0,0,268,268,304,302,302,304,4,4,52,53,53,57,109,109,187,187,187,187,217,219,499,506,371,527,447,479,571,572,584,570
42,Cates Lake,2429,1720,0,0,0,0,1975,2028,2163,3276,2201,2213,34,22,0,0,0,0,8,42,40,33,40,154,0,20,0,0,0,0,0,44,42,36,36,48,3,2,0,0,0,0,24,20,16,10,14,18,239,178,0,0,0,0,215,233,223,235,230,260
43,Cedar Island Lake,0,2353,2303,2322,2351,2356,2354,2356,2370,1510,1603,1680,0,0,0,0,0,0,0,0,0,0,0,0,0,221,217,300,449,355,357,355,372,369,369,375,0,121,158,125,120,113,124,126,92,144,86,84,0,20,20,26,24,25,27,27,29,24,24,20
44,Cedar Lake,2045,1408,0,0,0,0,1448,1560,1834,2484,1599,1597,1010,577,0,0,0,0,538,548,524,531,548,578,9,78,0,0,0,0,6,134,137,124,140,138,0,0,0,0,0,0,20,40,38,28,38,38,124,96,0,0,0,0,127,143,141,135,142,176
45,Cenaiko Lake,0,8129,22215,22974,22897,22885,22888,22872,22867,19948,19979,19962,0,27574,278,8,6,6,10,10,15,86,28,215,0,975,773,812,755,757,756,754,756,754,754,767,0,6,343,339,326,332,320,324,320,320,318,312,0,126,1197,1203,1096,1097,1117,1121,1125,1155,1153,1157
46,Centerville Lake,0,11,879,905,962,962,961,962,962,961,959,957,0,1675,22,22,21,21,23,21,21,19,19,19,0,36,36,34,37,37,40,36,37,36,34,33,0,0,14,14,16,16,16,16,16,16,16,16,0,0,182,196,221,225,227,227,228,233,235,231
47,Charley Lake,2360,2348,2351,2351,2352,2353,2450,2473,2351,2357,1527,1529,0,0,0,0,0,0,0,0,0,0,0,0,0,0,0,0,0,0,6,6,20,21,21,19,4,4,4,4,4,4,0,0,4,4,2,2,131,145,147,145,145,147,10,29,47,47,40,40
48,Christmas Lake,1202,7196,7190,7206,7375,7403,6858,6856,6777,4733,4688,4885,0,263,262,262,448,448,448,448,446,446,446,632,0,404,358,365,380,352,325,325,331,331,339,343,1,21,21,23,23,23,23,27,23,19,19,19,26,178,185,185,185,187,181,183,179,179,177,177
49,Chub Lake,5216,4917,4042,4235,4246,4331,5479,5414,6563,7120,6510,6500,2515,2372,2351,2190,2182,2185,2384,2370,2419,2431,2427,2424,142,171,129,133,135,139,148,244,248,235,249,265,41,35,23,23,23,23,35,45,49,41,49,57,578,561,452,446,442,490,677,731,767,787,822,806
50,Clear Lake,0,106,5583,5752,5716,5787,3334,3334,3321,3310,3297,3299,0,1566,246,258,241,243,257,261,272,255,251,251,0,80,132,122,112,110,696,686,690,686,700,700,0,0,8,2,1,2,4,4,60,84,104,104,0,0,543,514,303,481,720,776,780,816,833,853
51,Cleary Lake,1188,743,0,0,0,0,852,881,1073,1425,977,1002,286,268,0,0,0,0,128,152,149,149,152,145,0,2,0,0,0,0,0,36,35,30,35,35,0,0,0,0,0,0,0,0,2,0,0,0,111,72,0,0,0,0,84,94,101,102,102,102
52,Cloverdale Lake,0,0,501,501,505,501,253,252,250,250,250,250,0,0,0,0,0,0,0,0,0,0,0,0,0,0,0,0,0,0,50,50,52,50,50,50,0,0,0,0,0,0,0,0,4,12,12,12,0,0,25,26,12,24,58,54,54,36,36,36
53,Cobblecrest Lake,0,6192,6172,6300,6387,6291,6227,6157,6172,4764,4767,4776,0,48,68,196,272,220,164,116,116,116,116,120,0,212,208,200,495,247,253,257,255,252,252,258,0,53,55,58,61,59,55,53,51,47,44,44,0,72,71,71,71,71,71,71,71,71,71,71
54,Cobblestone Lake,10088,10308,10520,10600,10697,10691,10739,10782,10852,11080,11205,11332,208,204,207,207,199,195,199,194,193,195,232,189,383,397,393,361,383,367,365,367,371,367,365,379,52,52,90,68,46,49,51,54,56,56,58,59,48,46,46,58,56,56,56,52,48,48,40,42
55,Colby Lake,0,0,9026,9309,9701,9467,4805,4802,4873,5118,5247,5296,0,0,43,39,35,34,38,110,28,24,26,26,0,0,2,2,2,2,38,38,32,30,30,30,0,0,0,0,0,0,0,0,0,0,0,0,0,0,281,289,141,284,720,793,755,767,765,797
56,Coon Lake,0,316,2421,2458,2442,2446,2445,2443,2450,2455,2456,2451,0,4804,207,202,182,189,186,188,269,267,265,269,0,66,446,446,428,416,406,402,394,384,374,364,0,0,6,14,10,10,10,10,10,10,10,8,0,0,758,758,614,616,634,634,636,638,640,644
57,Cornelia Lake,0,3669,7625,9351,10275,7491,5517,5467,5460,6920,6924,6923,0,439,4440,6165,7086,4292,2394,2342,2334,4636,4636,4636,0,110,110,116,175,134,116,116,116,109,115,125,0,149,4449,6174,7094,2948,1046,4,4,4,4,6,0,145,4454,6179,7100,4306,2408,2356,2348,4650,4650,4650
58,Courthouse Lake,2621,2226,740,741,750,751,2173,2156,2182,2480,2197,2206,134,131,21,22,16,10,77,123,105,93,99,123,0,120,0,0,0,0,52,528,420,356,570,607,118,88,36,36,36,36,129,329,265,197,403,372,591,460,124,124,133,131,436,496,485,458,495,499
59,Cowley Lake,0,3297,3335,3889,3876,3885,3893,3891,3888,2556,2560,2577,0,133,483,99,101,95,97,100,97,100,100,108,0,234,224,236,229,239,237,251,241,257,269,265,0,140,147,152,152,155,153,157,143,145,145,143,0,19,22,41,42,42,46,52,50,52,52,64
60,Crane Lake,0,4185,4020,4048,4340,4357,4328,4233,4220,2793,2793,2795,0,240,272,272,544,556,556,492,492,492,492,492,0,184,184,183,237,194,196,197,197,198,204,214,0,10,51,49,96,108,110,110,126,44,42,24,0,45,46,46,54,54,54,54,54,54,60,60
61,Crooked Lake,0,6245,33673,34175,34113,34193,34214,34188,34194,32340,32363,32531,0,53814,305,254,227,223,212,210,216,216,211,213,0,2218,2315,2363,2418,2307,2297,2287,2294,2258,2246,2240,0,26,440,470,468,478,464,464,464,454,448,436,0,48,2358,2303,2198,2201,2219,2261,2380,2327,2326,2299
62,Crystal Lake,1735,1735,1735,1735,1737,1734,1734,1733,1734,1734,1734,1730,0,0,0,0,0,0,0,0,0,0,0,0,12,16,16,16,16,16,16,16,16,16,16,16,0,0,0,0,0,0,0,0,0,0,0,0,0,0,0,0,0,0,0,0,0,0,0,0
63,Cynthia Lake,448,272,0,0,0,0,268,304,400,492,330,329,403,261,0,0,0,0,254,272,271,263,269,271,0,8,0,0,0,0,0,44,42,36,40,38,0,0,0,0,0,0,0,0,0,0,0,0,11,7,0,0,0,0,30,32,32,34,36,42
64,Dan Patch Lake,6611,4719,425,425,426,415,4977,4917,5140,7171,4871,4896,71,55,0,0,0,0,38,60,58,46,64,46,0,309,4,4,4,4,4,1145,1081,884,1132,1130,278,219,3,2,8,4,341,783,715,533,781,765,772,521,2,2,4,4,565,601,607,607,626,610
65,DeMontreville Lake,0,0,249,241,235,243,125,121,121,119,120,114,0,0,10,10,10,10,10,14,8,8,8,8,0,0,0,0,0,0,4,8,0,0,0,0,0,0,0,0,0,0,0,0,0,0,0,0,0,0,41,35,18,37,36,48,40,40,38,38
66,Dean Lake,4587,3319,4,4,4,4,3550,3572,3658,5141,3620,3615,120,80,4,4,2,2,52,54,48,60,68,66,0,188,0,0,0,0,0,908,832,647,899,944,324,222,0,0,0,0,289,713,632,441,687,715,623,385,0,0,0,0,403,449,450,438,461,472
67,Deeg Lake,8970,9186,9204,9368,9368,9363,9340,9338,9338,9334,9402,9379,0,0,0,0,0,0,0,0,0,0,0,0,371,394,396,411,405,404,408,412,418,418,418,419,58,58,58,54,54,56,56,56,56,56,56,56,9,9,9,9,9,9,9,8,8,8,6,6
68,Deep Lake,606,638,714,714,718,742,777,775,767,821,492,518,12,87,80,82,63,63,61,61,60,60,58,61,0,4,0,4,4,4,5,5,5,5,5,5,0,0,0,0,0,0,0,0,0,0,0,0,49,49,63,63,63,63,14,14,14,14,12,13
69,Diamond Lake,0,856,1437,1441,1428,1431,1433,1436,1439,1134,1136,1144,0,1300,119,112,112,109,108,111,117,115,129,289,0,310,141,151,158,162,158,152,146,152,146,148,0,20,197,194,202,204,208,202,204,202,210,208,0,22,153,149,153,149,149,149,159,159,159,155
70,Downs Lake,0,0,361,361,360,361,188,188,182,182,180,181,0,0,12,12,12,12,16,14,8,8,8,8,0,0,0,0,0,0,2,2,0,0,0,0,0,0,0,0,0,0,0,0,0,0,0,0,0,0,25,25,13,25,36,32,26,26,26,26
71,DuBay Lake,0,3782,3777,3825,3820,3806,3828,3832,3822,2409,2431,2496,0,163,160,158,173,160,166,185,177,182,269,191,0,60,57,63,62,62,64,53,57,57,61,61,0,21,21,23,23,39,39,33,31,30,30,30,0,79,82,82,84,68,68,68,75,77,80,80
72,Duck Lake,0,5263,5188,5208,5328,5264,5266,5258,5301,3353,3351,3352,0,74,94,92,182,182,182,182,182,182,182,182,0,39,38,38,48,43,43,45,79,46,46,46,0,4,6,4,4,4,4,4,4,2,4,2,0,125,126,126,127,127,127,125,125,127,127,127
73,Dutch Lake,0,1913,1908,1856,1848,1881,1872,1867,1872,1206,1217,1246,0,58,57,53,51,51,63,59,62,68,78,66,0,51,51,51,55,51,63,63,63,63,67,187,0,2,2,2,2,2,2,2,0,0,0,0,0,49,51,51,51,51,53,53,53,59,59,55
74,Eagle Lake,119,121,124,127,133,132,92,92,88,109,94,94,227,230,227,227,225,228,232,228,232,228,239,239,0,0,0,0,0,0,4,4,4,4,2,2,2,2,2,2,2,2,2,2,2,2,0,0,17,17,17,17,17,17,14,14,14,14,14,16
75,Eagle Point Lake,0,0,80,80,81,80,44,44,44,44,44,44,0,0,12,12,12,12,4,4,2,2,2,2,0,0,0,0,0,0,4,4,0,0,0,0,0,0,0,0,0,0,0,0,0,0,0,0,0,0,8,8,4,8,9,9,9,9,9,9
76,Earley Lake,4109,4107,4109,4107,4105,4099,4102,4106,4104,4100,4100,4090,0,0,0,0,0,0,0,0,0,0,0,0,197,191,203,232,234,236,227,227,225,225,223,231,27,27,25,25,25,23,20,20,20,20,20,22,1,1,1,1,1,1,1,1,1,1,1,1
77,East Boot Lake,0,0,6,6,4,4,4,4,3,2,2,2,0,0,9,9,9,9,12,10,8,10,10,10,0,0,0,0,0,0,0,0,0,0,0,0,0,0,0,0,0,0,0,0,0,0,0,0,0,0,11,11,6,13,16,12,12,12,12,12
78,East Lake,15595,16221,18424,18743,18927,18982,19269,19263,19761,20103,20465,20539,681,2179,878,792,640,651,644,639,658,659,696,663,324,360,391,400,402,400,394,396,394,394,402,404,80,69,66,63,64,64,64,61,61,61,61,53,173,161,167,163,165,178,176,169,168,167,157,157
79,East Twin Lake,0,192,962,967,966,967,968,973,975,974,976,976,0,1860,386,390,372,421,417,407,441,457,453,453,0,68,22,32,34,32,32,28,28,26,24,24,0,0,66,66,67,84,84,84,84,84,84,84,0,0,98,98,70,70,74,72,72,74,72,72
80,Echo Lake,125,125,1133,1121,1130,1122,627,627,627,631,591,592,0,0,0,0,0,0,0,0,0,0,0,0,0,0,0,0,0,0,40,42,44,44,44,44,0,0,0,0,0,0,0,0,8,8,8,8,5,5,33,33,20,33,68,68,73,73,72,69
81,Edina Lake,0,5477,6629,6626,10077,9989,9971,9355,9354,11500,11502,11500,0,1851,3080,3078,6516,6428,6428,5820,5820,9168,9168,9168,0,834,6093,4906,9195,9500,7038,6396,6318,5026,3698,4348,0,1208,7632,6394,12480,12580,10062,8678,8680,10740,9408,10084,0,92,366,374,658,658,780,782,660,2426,2426,2426
82,Edith Lake,0,0,495,489,488,493,263,263,240,244,242,237,0,0,48,46,48,46,78,80,48,48,44,46,0,0,0,0,0,0,0,0,0,0,0,0,0,0,0,0,0,0,0,0,0,0,0,0,0,0,108,116,59,118,136,142,130,128,128,120
83,Egg Lake,0,9,4980,5154,5488,5232,2689,2688,2670,2677,2673,2695,0,92,117,117,115,110,110,110,102,106,98,89,0,34,14,16,13,9,264,262,528,538,543,531,0,0,22,22,16,20,19,19,375,379,382,384,0,0,273,289,158,289,538,552,560,574,578,580
84,Elmo Lake,0,0,67,67,67,67,34,34,34,34,34,34,0,0,2,2,2,2,2,2,2,2,2,2,0,0,0,0,0,0,0,0,0,0,0,0,0,0,0,0,0,0,0,0,0,0,0,0,0,0,1,1,1,1,2,2,2,2,2,2
85,Fahlstrom Pond,0,0,182,181,181,185,100,101,94,93,94,94,0,0,68,70,68,70,76,76,64,58,58,58,0,0,0,0,0,0,6,6,8,8,8,8,0,0,0,0,0,0,0,0,4,4,4,4,0,0,15,15,7,15,18,20,18,20,20,18
86,Farquar Lake,5826,5979,6369,6361,6361,6408,6476,6579,6585,6585,6583,6588,2,0,0,0,0,0,0,0,0,0,0,0,8,1,2,2,2,4,4,4,4,2,2,2,4,4,4,4,4,2,2,2,2,2,2,2,4,4,4,4,4,4,4,4,4,4,4,4
87,Fireman's Clayhole Lake,1216,1325,1315,1317,1348,1345,982,980,1207,1037,1095,1218,189,85,80,76,75,61,80,79,80,74,141,71,0,0,0,0,0,0,225,227,223,224,226,218,5,8,8,8,6,6,6,6,6,6,8,4,254,273,250,248,253,254,285,293,307,299,310,322
88,Fish Lake,13963,14236,15144,15129,15129,15120,14837,15067,15148,15290,15166,15274,10,16,54,49,46,46,56,56,46,46,50,48,497,512,528,530,530,524,558,558,554,536,522,521,162,155,147,137,131,131,131,124,142,139,139,149,11,13,32,36,27,36,69,81,77,77,77,73
89,Forest Lake,0,0,3039,3017,3049,3040,1577,1569,1544,1542,1541,1537,0,0,14,12,9,8,22,22,12,12,12,12,0,0,0,0,0,0,564,560,568,564,560,561,0,0,4,4,4,4,8,8,72,72,72,72,0,0,354,358,178,355,392,416,414,414,414,396
90,French Lake,0,556,555,790,787,786,823,818,819,566,558,560,0,166,437,157,288,157,158,162,179,173,177,190,0,69,70,85,83,83,81,81,91,88,84,86,0,129,130,140,143,151,149,149,143,146,148,150,0,18,14,16,15,14,16,22,22,22,22,22
91,Friedrich's Pond,0,0,138,134,128,126,66,66,65,65,65,64,0,0,12,12,12,12,12,12,10,10,10,10,0,0,0,0,0,0,0,0,0,0,0,0,0,0,0,0,0,0,0,0,0,0,0,0,0,0,14,12,6,12,26,26,26,26,26,26
92,Gables Lake,0,0,7411,7405,7610,7475,3851,3866,3822,3828,3963,4147,0,0,467,455,460,456,467,473,393,382,384,366,0,0,0,0,0,0,86,86,50,50,50,52,0,0,0,0,0,0,0,0,4,4,12,12,0,0,326,323,163,321,428,444,430,432,452,447
93,Gaystock Lake,837,1006,1303,1332,1360,1382,881,879,876,932,950,956,158,155,159,160,160,162,168,162,163,165,163,171,0,0,0,0,0,0,11,13,14,13,16,14,2,2,2,2,2,2,2,2,4,4,4,6,38,38,38,40,40,44,35,35,35,139,43,39
94,George Lake,0,12,733,736,704,705,703,702,705,705,704,703,0,1461,24,26,26,22,26,26,26,26,26,28,0,16,28,34,34,32,32,32,28,30,32,32,0,0,0,0,0,0,0,0,0,0,0,0,0,0,118,122,105,107,107,107,114,114,114,114
95,George Watch Lake,0,56,1148,1216,1206,1200,1215,1216,1213,1235,1245,1259,0,2275,111,113,113,113,113,113,127,133,135,133,0,130,130,136,136,172,138,136,136,138,148,156,0,0,28,30,30,28,28,28,28,28,24,22,0,0,180,186,180,184,182,182,180,178,176,176
96,German Lake,0,0,270,270,268,270,132,135,128,129,129,128,0,0,57,54,56,54,80,156,64,64,64,42,0,0,0,0,0,0,40,108,30,30,30,30,0,0,0,0,0,0,8,12,0,0,24,24,0,0,15,17,14,17,46,124,38,38,14,14
97,Gervais Lake,2546,2579,2562,2621,2616,2610,2639,2667,2615,2634,1760,1757,3,3,3,1,1,1,1,1,2,2,2,2,0,0,0,0,0,0,50,48,126,119,120,120,2,2,2,2,2,2,10,12,2,2,2,2,175,165,163,163,173,185,52,79,149,153,145,149
98,Glen Lake,0,846,837,852,875,868,853,869,866,579,579,577,0,56,68,70,84,84,64,80,80,80,80,76,0,71,84,66,49,64,54,50,48,49,49,43,0,93,99,99,143,100,100,100,104,104,104,110,0,15,14,16,18,18,18,18,18,18,18,18
99,Goetschel Lake,0,0,496,492,495,486,245,242,235,237,238,232,0,0,48,47,46,45,42,40,36,34,36,30,0,0,0,0,0,0,30,30,30,30,30,30,0,0,0,0,0,0,0,0,0,0,0,0,0,0,31,31,16,31,86,88,82,84,84,84
100,Goggins Lake,0,0,140,141,143,143,84,89,81,80,81,79,0,0,55,53,53,53,52,48,32,34,32,29,0,0,0,0,0,0,2,2,2,2,2,2,0,0,0,0,0,0,0,0,0,0,0,0,0,0,6,6,3,6,18,18,6,6,6,6
101,Golden Lake,1002,1007,4700,4761,4719,4716,4524,4530,4499,4502,4328,4285,0,7282,0,0,0,0,8,6,18,14,14,10,0,398,234,344,238,240,248,250,267,263,269,276,0,0,188,222,219,223,222,218,206,202,200,196,46,46,422,410,394,399,431,444,451,395,397,397
102,Goose Lake,0,0,1454,1442,1379,1476,921,1166,853,841,836,692,0,0,279,273,276,272,270,482,208,196,192,172,0,0,0,0,0,0,106,186,116,116,136,133,0,0,0,0,0,0,0,0,52,52,72,72,0,0,390,374,189,381,416,814,411,429,429,277
103,Grace Lake,4253,4480,4605,4586,4591,4576,3008,3003,3008,3033,3001,3002,30,111,11,11,9,9,17,17,19,19,8,8,0,0,0,0,0,0,20,22,24,24,26,28,0,0,0,0,0,0,0,0,0,0,2,2,303,321,319,327,306,303,295,297,301,302,300,306
104,Grass Lake,0,15068,35988,35798,52582,49341,50769,35252,32773,148627,49369,27089,0,729,21692,20742,38284,35224,36676,19924,17764,133348,34080,14292,0,930,1661,1676,2665,2761,3026,2404,2078,3645,3657,4283,0,933,22634,21490,39697,36925,38669,20821,18343,135495,36217,3237,0,217,19861,18921,33629,33818,35268,19464,17304,132888,33624,13594
105,Haas Lake,2237,1752,0,0,0,0,1868,1936,1962,2568,1984,2018,382,98,0,0,0,0,36,32,32,31,34,34,15,24,0,0,0,0,0,48,48,46,48,50,780,468,0,0,0,0,480,484,462,356,490,490,888,576,0,0,0,0,603,609,587,485,617,617
106,Hafften Lake,0,1098,1229,1285,1290,1308,1309,1318,1322,845,845,857,0,428,300,249,254,234,230,230,228,232,227,235,0,14,14,14,14,14,14,14,14,14,18,10,0,4,4,4,4,4,4,4,2,2,2,8,0,32,42,42,42,42,42,38,38,44,44,44
107,Halfbreed Lake,0,0,799,791,830,844,438,438,424,425,422,421,0,0,29,33,27,27,30,32,18,18,20,15,0,0,0,0,0,0,14,14,16,16,16,16,0,0,0,0,0,0,0,0,4,4,12,12,0,0,46,46,27,48,64,66,62,64,56,48
108,Ham Lake,0,453,9426,9517,9415,9413,9422,9390,9427,9486,9648,9718,0,17779,657,663,594,590,578,602,657,663,637,631,0,807,1117,989,941,939,917,911,912,916,891,889,0,0,92,244,246,246,230,236,232,236,236,230,0,0,628,644,625,630,645,653,656,662,677,688
109,Harriet Lake,0,11250,11106,11190,11642,11585,11505,11493,11506,11102,11116,11123,0,49,170,253,688,624,564,560,560,1368,1368,1368,0,610,693,749,1305,905,905,857,847,1657,1656,1662,0,49,45,40,34,34,40,32,24,22,22,20,0,21,21,21,22,22,22,22,22,20,20,20
110,Hart Lake,928,18305,21457,21571,24297,25252,24038,24058,24057,24225,24021,26188,0,5657,932,914,3600,4656,3592,3592,3592,5768,5768,7944,0,2262,2486,2660,3495,3180,3208,3552,3603,3282,3278,3249,18,1240,1991,1829,3604,4270,3194,3171,3157,5302,5308,7478,68,116,448,457,350,349,334,364,334,339,331,315
111,Harvey Lake,0,8157,8020,8036,8249,8310,8275,8175,8172,6158,6171,6163,0,141,176,178,388,440,440,440,440,440,440,440,0,200,213,218,303,234,232,233,233,233,247,241,0,23,18,18,18,20,18,18,14,20,16,16,0,103,102,103,108,108,108,106,106,110,106,106
112,Haughey Lake,0,409,416,435,425,438,450,458,450,366,368,361,0,191,178,196,174,160,182,182,176,197,195,189,0,8,8,8,8,8,8,8,8,8,8,8,0,6,6,6,4,4,4,4,2,2,2,2,0,54,55,70,53,53,63,69,68,88,88,84
113,Hay Lake,0,0,287,287,287,287,151,161,149,145,143,141,0,0,51,51,51,51,50,112,36,36,48,45,0,0,0,0,0,0,0,0,0,0,0,0,0,0,0,0,0,0,0,0,0,0,0,0,0,0,61,61,31,61,82,172,70,70,70,70
114,Hazeltine Lake,1477,1478,1471,1738,1849,1851,1132,1151,1172,1255,1442,1496,33,44,329,27,29,27,32,30,30,35,28,28,0,0,0,0,0,0,54,54,54,56,50,50,80,82,84,84,88,81,81,81,81,81,87,87,140,142,150,146,150,150,153,153,153,149,154,156
115,Heims Lake,0,26,389,392,397,397,349,348,348,349,352,355,0,612,64,64,42,44,74,74,88,86,74,72,0,4,6,6,6,6,6,6,6,6,10,8,0,0,0,0,0,0,0,0,0,0,0,0,0,0,72,72,56,57,57,57,63,63,67,69
116,Henry Lake,0,1637,1717,1810,1845,1844,1856,1855,1856,1225,1230,1226,0,415,411,327,302,285,289,291,299,292,317,301,0,7,7,7,8,8,8,8,8,7,6,4,0,2,2,2,2,4,4,4,4,2,2,4,0,28,30,36,36,40,40,40,40,42,42,42
117,Herber Pond,0,0,50,50,49,50,33,32,28,27,28,29,0,0,13,13,13,13,16,18,8,8,10,8,0,0,0,0,0,0,0,0,0,0,0,0,0,0,0,0,0,0,0,0,0,0,0,0,0,0,2,2,1,2,6,12,2,2,2,2
118,Hidden Lake,0,1826,1797,1768,1776,1780,1770,1766,1768,1112,1115,1115,0,0,0,0,0,0,0,0,0,0,0,0,0,127,122,126,133,128,128,134,138,133,131,131,0,72,73,73,144,75,75,75,75,81,81,83,0,35,37,37,37,37,37,37,37,36,36,36
119,Highland Lake,64,64,1802,1802,1764,1762,1755,1760,1756,1756,1742,1743,0,3243,0,0,0,0,0,0,0,0,0,0,0,26,72,72,56,56,52,52,52,52,52,54,0,0,0,0,0,0,0,0,0,0,0,0,4,4,84,84,70,74,73,75,79,79,77,71
120,Holland Lake,549,549,547,549,545,545,545,545,545,545,547,547,0,0,0,0,0,0,0,0,0,0,0,0,12,12,12,12,20,20,20,20,20,20,20,20,0,0,0,0,0,0,0,0,0,0,0,0,0,0,0,0,0,0,0,0,0,0,0,0
121,Hornbean Lake,1494,1501,1497,1497,1495,1494,1494,1496,1500,1500,1498,1659,9,9,9,9,9,9,9,7,11,11,11,11,93,97,95,106,106,102,104,104,91,93,97,95,43,41,41,41,41,41,41,41,41,41,41,41,0,0,0,0,0,0,0,0,0,0,0,0
122,Horseshoe Lake,1404,1409,1400,1436,1432,1430,1438,1438,1440,1441,1442,1442,0,0,0,0,0,0,0,0,0,0,0,0,2,2,2,2,2,2,2,2,2,2,2,2,0,0,0,0,0,0,0,0,0,0,0,0,40,25,0,0,0,0,25,25,25,26,25,25
123,Hydes Lake,79,80,79,79,78,76,59,58,53,66,63,62,54,54,56,53,54,53,51,49,50,50,49,49,0,0,0,0,0,0,6,6,6,6,6,6,0,0,0,0,0,0,0,0,0,0,2,2,8,8,8,8,8,8,8,8,8,8,6,6
124,Independence Lake,0,1970,1996,2030,2034,2137,2133,2142,2130,1497,1522,1514,0,144,170,126,123,206,221,207,207,163,183,179,0,153,159,159,177,170,171,177,177,177,177,177,0,96,88,90,155,101,97,97,97,97,97,105,0,83,80,80,88,86,90,90,86,96,98,94
125,Isabelle Lake,7844,8348,8492,8520,8522,8512,8483,8443,9085,9095,9062,9127,1266,1132,1190,1125,1114,1103,1135,1141,1160,1150,1170,1159,427,449,457,454,458,468,474,472,447,433,416,404,119,116,106,104,104,102,102,102,102,102,102,104,241,241,320,316,274,302,310,374,378,376,380,364
126,Island Lake,0,64,384,387,389,389,380,381,380,380,381,382,0,739,84,84,75,73,87,89,97,93,91,97,0,14,52,54,54,54,54,56,52,52,52,48,0,0,2,2,2,2,2,2,2,2,2,2,0,0,140,144,133,135,132,135,143,143,143,143
127,Jackson WMA,0,0,1215,1205,1241,1217,612,605,611,611,609,610,0,0,7,7,6,6,4,4,8,8,8,8,0,0,0,0,0,0,0,0,0,0,0,2,0,0,0,0,0,0,0,0,0,0,0,0,0,0,75,71,35,71,94,108,114,110,112,111
128,Jane Lake,0,0,632,628,638,633,318,319,319,319,319,317,0,0,16,16,16,16,18,16,14,14,14,11,0,0,0,0,0,0,0,0,0,0,0,0,0,0,0,0,0,0,0,0,0,0,0,0,0,0,24,22,11,22,36,34,30,30,30,30
129,Jellums Lake,0,0,49,41,88,88,43,40,40,38,39,37,0,0,8,8,8,8,6,12,6,6,6,6,0,0,0,0,0,0,0,0,0,0,0,0,0,0,0,0,0,0,0,0,0,0,0,0,0,0,5,5,2,5,10,24,12,12,12,12
130,Johanna Lake,1160,1162,1153,1166,1186,1208,1220,1227,1169,1161,700,705,0,0,0,0,0,0,4,4,0,0,0,0,0,0,0,0,0,0,70,68,81,79,79,79,67,65,65,67,67,71,38,40,69,69,69,69,61,63,63,59,64,66,47,49,42,42,43,43
131,Jonathan Lake,114,116,255,240,226,210,193,190,204,190,189,190,5,11,3,9,2,2,2,2,2,2,2,2,0,0,0,0,0,0,31,31,33,33,33,33,0,0,0,0,0,0,0,0,0,0,0,0,21,23,25,27,37,37,38,38,36,37,38,38
132,Josephine Lake,4582,4617,4623,4609,4600,4653,4560,4564,4603,4622,2875,2876,0,0,0,0,0,0,0,0,0,0,0,0,0,0,0,0,0,0,20,20,141,141,142,144,0,0,0,0,0,0,2,2,0,0,0,0,244,225,221,237,211,219,50,58,187,191,197,166
133,Jubert Lake,0,904,938,948,1109,1112,1110,1108,1112,917,918,942,0,407,422,422,601,607,616,621,615,640,642,660,0,30,27,29,29,28,28,28,26,24,26,26,0,0,0,0,0,0,0,0,0,2,0,0,0,38,38,38,28,28,28,30,30,49,48,48
134,July Lake,0,0,304,302,302,302,164,172,150,153,153,152,0,0,36,36,35,34,46,46,28,28,26,28,0,0,0,0,0,0,20,20,14,14,14,14,0,0,0,0,0,0,0,0,0,0,0,0,0,0,6,6,3,6,20,36,8,8,8,8
135,Karth Lake,2835,2783,2869,3011,3014,3017,3072,3096,3120,3120,1942,1941,0,0,0,0,0,0,0,0,0,0,0,0,0,0,0,0,0,0,29,29,76,78,77,79,25,25,25,25,25,25,14,14,24,24,24,24,96,99,109,107,108,106,41,76,64,60,60,56
136,Keller Lake,2302,2302,2302,2304,2304,2304,2302,2302,2302,2302,2302,2294,0,0,0,0,0,0,0,0,0,0,0,0,20,20,20,20,20,20,20,20,20,20,20,20,0,0,0,0,0,0,0,0,0,0,0,0,0,0,0,0,0,0,0,0,0,0,0,0
137,Kingsley Lake,329,329,331,331,331,331,331,333,333,329,331,331,0,0,0,0,0,0,0,0,0,0,0,0,32,34,34,34,34,34,34,32,34,36,34,34,0,0,0,0,0,0,0,0,0,0,0,0,5,5,5,5,5,5,5,5,5,5,5,5
138,Kismet Lake,0,0,114,114,124,122,90,90,70,68,68,68,0,0,52,52,42,40,58,54,38,38,42,31,0,0,0,0,0,0,0,0,0,0,0,0,0,0,0,0,0,0,0,0,0,0,0,0,0,0,7,7,3,7,32,28,10,10,10,10
139,Klawitter Pond,0,0,467,471,468,471,239,237,231,231,232,229,0,0,36,30,29,28,32,32,24,24,22,20,0,0,0,0,0,0,80,80,78,78,78,78,0,0,0,0,0,0,0,0,4,4,4,4,0,0,6,8,5,10,16,16,16,16,16,16
140,Kohlman Lake,3871,3915,3888,3957,4236,4229,4330,4388,4242,4324,2886,2872,3,6,4,7,5,6,23,25,4,5,4,4,8,0,0,0,0,0,203,206,472,478,469,477,87,91,91,91,87,93,116,114,64,64,64,64,274,284,274,284,294,297,184,204,238,239,236,217
141,Kramer Pond,0,0,116,108,103,108,61,63,54,53,52,63,0,0,47,47,51,47,68,68,44,42,38,25,0,0,0,0,0,0,44,48,24,24,22,13,0,0,0,0,0,0,0,0,0,0,0,0,0,0,71,71,37,70,88,86,84,84,102,86
142,La Lake,11,11,9281,9263,9441,9308,4754,4803,4761,4777,4772,4798,2,2,161,129,129,123,130,170,95,89,84,77,0,0,0,0,0,0,606,592,563,561,547,505,0,0,91,96,96,96,192,192,228,228,248,209,0,0,618,664,350,683,923,932,926,940,939,955
143,Lac Lavon Lake,4978,4974,4974,4974,4968,4966,4966,4970,5034,5030,5030,5026,2,6,6,6,8,8,6,6,0,0,0,0,17,16,17,19,19,19,19,19,19,19,19,19,0,0,0,0,0,0,0,0,0,0,0,0,0,0,0,0,0,0,0,0,0,0,0,0
144,Laddie Lake,234,237,7860,7960,7815,7823,7841,7832,7831,7844,7768,7772,0,14661,2,0,0,0,0,0,0,0,0,0,0,1718,1042,1016,937,924,926,910,928,930,921,929,0,0,816,980,968,978,969,977,967,965,941,937,0,0,685,689,701,709,680,688,672,680,684,692
145,Lake Forest,2609,2615,3811,3976,3615,3629,3624,3624,3614,3621,2614,2614,0,2384,0,0,0,0,24,24,0,0,0,0,0,0,0,0,0,0,4,2,44,44,44,44,4,4,4,4,4,4,0,0,4,4,4,4,78,82,90,92,92,92,53,55,80,78,74,70
146,Lake of the Isles,0,12859,227273,400490,596453,606078,500885,499941,497104,1873215,1884605,2208688,0,2865,219184,392390,588256,597618,492424,491520,488640,1866048,1877402,2200376,0,5718,221073,393563,585563,595187,490049,489620,486514,1863852,1875251,2198410,0,588,216146,242891,380558,380514,274214,273177,272305,1080797,1082144,1373939,0,194,198,144830,191901,191221,190562,190694,188676,756127,755907,757181
147,Langdon Lake,0,7607,7948,7772,9009,9026,9025,8567,7957,6367,6383,6733,0,200,626,486,1796,1808,1812,1350,810,1560,1560,1888,0,633,797,599,1578,1300,1267,1267,737,1019,1033,1039,0,31,186,29,857,854,853,853,25,31,27,29,0,96,525,533,990,1000,1000,538,538,997,1005,1313
148,Langton Lake,1516,1508,1520,1517,1531,1514,1443,1459,1464,1462,930,929,2,0,0,4,2,4,4,4,2,2,2,2,0,0,0,0,0,0,40,42,108,108,108,106,37,35,35,37,39,39,42,46,37,37,37,37,102,102,102,102,104,104,68,80,90,92,69,55
149,Laura Lake,0,1645,4470,4929,4630,4608,4587,4596,4589,3840,3852,3884,0,4722,566,158,160,164,164,152,154,146,148,142,0,361,329,385,381,367,361,367,373,367,369,380,0,145,179,178,177,173,171,169,171,169,167,174,0,20,211,215,207,273,293,295,295,301,307,303
150,Lee Lake,1026,1034,1034,1032,1030,1030,1030,1032,1034,1034,1034,1034,0,0,0,0,0,0,0,0,0,0,0,0,135,133,133,135,135,135,135,135,135,135,135,135,2,2,2,2,2,2,2,2,2,2,2,2,4,4,4,4,4,4,4,4,4,4,4,4
151,Legion Pond,0,0,339,339,346,340,165,165,165,165,165,164,0,0,20,20,20,20,20,20,20,20,20,9,0,0,0,0,0,0,10,10,12,12,12,12,0,0,0,0,0,0,0,0,4,4,12,12,0,0,38,38,21,38,58,58,58,58,50,48
152,Lemay Lake,3745,3920,4098,4107,5677,5676,5612,7013,7081,9899,9209,9209,0,166,166,164,1740,1744,1744,3148,3148,5972,5964,5964,287,378,377,385,397,446,441,434,491,493,485,500,186,182,182,172,167,163,163,2987,2986,5795,5791,5787,88,88,88,86,88,88,61,61,74,72,67,67
153,Levander Pond,11186,11416,11587,11701,11732,11713,11739,11730,11679,11542,11098,11078,0,0,0,0,0,0,0,0,0,0,0,0,648,660,660,651,654,648,684,680,700,696,675,682,105,105,112,114,101,101,109,105,101,101,102,101,465,461,463,460,471,463,165,165,346,342,336,251
154,Libbs Lake,0,5590,5577,5592,5599,5706,5633,5562,5579,3441,3471,3486,0,0,0,0,0,0,0,0,0,0,6,0,0,79,79,79,83,77,77,77,77,79,79,79,0,30,30,30,31,30,30,30,32,30,30,30,0,34,32,32,34,56,56,52,52,54,62,62
155,Lily Lake,0,0,2378,2357,2410,2374,1244,1255,1200,1194,1197,1193,0,0,0,0,0,0,0,0,0,0,0,0,0,0,0,0,0,0,268,272,228,226,232,226,0,0,0,0,0,0,0,0,0,0,0,0,0,0,176,172,87,174,240,246,226,230,228,223
156,Linwood Lake,0,123,1034,1032,1007,1011,999,1001,1009,1010,1011,1010,0,2040,174,174,159,159,161,157,196,198,198,198,0,0,80,74,75,75,73,71,70,66,64,64,0,0,2,2,2,2,2,2,2,0,0,0,0,0,338,336,280,283,283,285,283,286,286,284
157,Lippert Lake,210,211,214,208,208,219,166,168,155,192,175,179,424,434,427,432,436,427,435,429,431,437,441,440,0,0,0,0,0,0,28,26,28,28,24,22,4,2,4,4,4,4,4,4,4,4,6,6,7,9,10,12,13,13,18,16,14,14,20,22
158,Little Carnelian Lake,0,0,761,781,755,780,441,441,426,425,427,418,0,0,151,125,127,127,124,124,100,102,96,96,0,0,0,0,0,0,12,12,0,0,0,0,0,0,0,0,0,0,0,0,0,0,0,0,0,0,102,102,53,106,120,122,118,120,119,104
159,Little Comfort Lake,0,0,4,4,6,6,2,2,2,2,2,2,0,0,2,2,0,0,2,2,2,2,2,2,0,0,0,0,0,0,0,0,0,0,0,0,0,0,0,0,0,0,0,0,0,0,0,0,0,0,0,0,0,0,0,0,0,0,0,0
160,Little Johanna Lake,670,666,686,686,686,682,690,691,694,692,377,379,0,0,0,0,0,0,0,0,0,0,0,0,0,0,0,0,0,0,2,2,18,18,16,14,0,0,0,0,0,0,0,0,0,0,0,0,38,40,38,38,34,42,20,22,32,34,36,38
161,Little Long Lake,0,335,330,333,328,327,326,330,328,217,223,216,0,39,46,38,40,37,51,49,49,50,53,47,0,8,8,8,8,8,9,9,11,11,11,11,0,0,0,0,0,0,0,0,0,0,0,0,0,7,7,7,7,7,7,7,7,9,10,8
162,Lochness Lake,0,96,6988,7813,8031,8078,8244,8293,8417,8675,8929,9179,0,13044,184,170,166,174,188,188,206,208,206,194,0,456,272,328,349,345,337,335,349,335,349,351,0,0,234,244,222,232,216,218,208,206,186,186,0,0,283,309,346,358,366,390,398,420,448,452
163,Lone Lake,0,4837,5139,5157,8448,8533,8514,8479,8537,9647,9459,9764,0,2447,3058,3072,6358,6394,6382,6358,6382,8204,8010,8322,0,174,168,169,183,173,174,177,177,187,185,179,0,1412,1447,1444,2818,2823,2787,2753,2751,96,96,96,0,900,1729,1744,3631,3631,3655,3631,3655,6796,6579,6891
164,Long Lake,10879,13888,15168,15196,15206,15282,14277,14261,14223,13140,12166,12179,4,108,79,77,104,72,86,126,80,75,73,71,22,263,223,228,251,244,359,373,427,425,420,422,28,70,105,107,114,107,101,114,118,123,126,126,146,300,451,466,396,483,411,436,448,446,460,454
165,Loon Lake,0,0,112,112,111,112,59,66,57,58,58,58,0,0,25,25,27,25,30,32,28,26,26,25,0,0,0,0,0,0,0,0,0,0,0,0,0,0,0,0,0,0,0,0,0,0,0,0,0,0,29,29,14,29,28,42,28,26,26,18
166,Lost Lake,0,2961,5368,5276,5345,5303,4114,4109,4095,2937,2934,2925,0,0,0,0,0,0,0,0,0,0,0,0,0,147,148,148,244,205,313,315,307,417,417,415,0,14,12,16,18,16,16,16,128,244,245,245,0,14,211,203,107,202,224,232,238,235,229,216
167,Lotus Lake,1907,3765,3774,3772,3768,3738,2955,2956,2938,2263,2209,2211,2,2,2,2,2,2,0,0,0,0,0,0,0,14,14,14,66,14,81,79,76,73,70,72,2,24,22,22,24,22,22,24,24,24,26,26,111,118,118,116,120,115,121,121,121,126,122,124
168,Louise Lake,0,0,80,80,79,82,46,49,42,42,42,41,0,0,43,39,41,39,52,46,38,38,38,31,0,0,0,0,0,0,2,2,0,0,0,0,0,0,0,0,0,0,0,0,0,0,0,0,0,0,19,19,10,19,32,24,20,20,20,12
169,Lower Prior Lake,1756,1051,0,0,0,0,1056,1052,1073,1731,1075,1073,12,10,0,0,0,0,4,6,6,6,6,6,0,0,0,0,0,0,0,2,2,2,2,2,0,0,0,0,0,0,0,0,0,0,0,0,87,56,0,0,0,0,56,56,58,56,56,62
170,Lucy Lake,1955,2328,2332,2324,2316,2313,1418,1414,1393,1420,1335,1337,2,31,2,2,2,2,2,2,2,1,2,0,0,8,8,8,29,8,14,14,14,14,14,14,0,0,0,0,0,0,0,0,0,0,0,0,51,60,81,79,85,85,76,80,80,80,77,83
171,Lynch Lake,0,0,110,110,111,112,65,68,63,63,63,63,0,0,41,39,42,41,34,36,28,28,28,28,0,0,0,0,0,0,0,0,0,0,0,0,0,0,0,0,0,0,0,0,0,0,0,0,0,0,0,0,0,0,8,20,0,0,0,0
172,MacDonald Lake,0,0,163,163,153,163,83,89,80,80,81,78,0,0,75,74,75,75,80,138,78,78,76,72,0,0,0,0,0,0,2,4,0,0,0,0,0,0,0,0,0,0,0,0,0,0,0,0,0,0,4,4,2,4,12,16,8,8,8,8
173,Magda Lake,0,3916,3805,3784,3810,3806,3806,3806,3805,2768,2766,2764,0,0,0,0,0,0,0,6,6,6,6,6,0,357,343,336,450,352,358,356,344,336,338,344,0,218,230,233,269,243,247,245,251,252,252,252,0,15,15,15,16,16,16,16,16,16,16,16
174,Maple Marsh Lake,0,0,22,22,22,22,11,11,11,11,11,8,0,0,24,24,24,24,30,26,26,26,26,21,0,0,0,0,0,0,0,0,0,0,0,0,0,0,0,0,0,0,0,0,0,0,0,0,0,0,24,24,12,24,30,22,22,22,22,21
175,Marcott Lake,2869,2884,2886,2892,2891,2887,2926,2934,2978,3039,3124,3192,35,35,37,33,31,31,33,33,25,27,27,81,70,72,72,74,72,76,96,96,96,102,102,100,49,47,47,47,69,73,55,55,55,55,57,57,2,2,2,2,2,2,2,2,2,2,2,2
176,Maria Lake,3119,2543,300,310,313,317,2501,2532,2534,3317,2537,2538,806,673,511,509,512,511,662,640,640,655,671,675,15,235,0,0,0,0,16,518,474,447,480,480,98,60,0,0,0,0,61,125,107,99,117,117,523,336,14,14,14,14,413,485,475,459,472,490
177,Marion Lake,8985,8966,8977,9004,9074,9081,9890,9829,10593,11071,10648,11110,721,1217,390,368,349,343,438,535,457,596,534,704,439,479,453,459,453,446,456,550,530,523,541,539,156,160,158,158,154,168,180,198,190,182,194,194,107,73,31,37,36,37,77,84,84,89,92,86
178,Markgraf Lake,0,0,1854,1827,1963,1869,982,981,978,979,977,1019,0,0,16,16,16,16,28,16,10,6,4,3,0,0,0,0,0,0,196,202,716,714,720,706,0,0,25,8,8,8,16,12,584,580,588,564,0,0,112,115,54,108,210,208,204,202,200,205
179,Markley Lake,2179,1433,0,0,0,0,1481,1488,1519,2180,1558,1606,65,12,0,0,0,0,10,12,12,157,10,10,0,54,0,0,0,0,0,182,164,130,176,180,18,40,0,0,0,0,62,124,106,74,116,116,249,170,0,0,0,0,167,173,177,178,182,182
180,Marsh Lake,89,86,85,85,87,92,47,46,47,67,118,113,48,48,47,48,47,44,42,36,46,40,46,46,0,0,0,0,0,0,6,6,6,8,8,8,0,0,0,0,0,0,0,0,0,0,0,0,6,6,6,6,4,4,6,6,6,9,9,13
181,Marshan Lake,0,3,928,950,903,912,913,915,916,917,919,920,0,1783,6,6,4,6,6,6,6,6,6,6,0,209,128,162,164,166,136,136,138,142,146,146,0,0,117,119,118,118,118,116,128,128,118,118,0,0,166,162,145,147,177,178,177,173,179,177
182,Martin Lake,0,356,1649,1697,1703,1680,1672,1674,1685,1688,1686,1687,0,3059,242,248,223,220,238,234,265,266,268,270,0,8,418,394,319,325,321,315,316,300,298,288,0,0,0,0,0,0,0,0,0,0,0,0,0,0,188,189,180,180,162,165,171,171,171,165
183,Masterman Lake,0,0,264,258,264,268,153,165,140,139,141,141,0,0,36,32,30,28,36,42,14,14,14,14,0,0,2,2,3,2,8,12,2,2,2,2,0,0,0,0,0,0,0,0,0,0,0,0,0,0,32,32,16,31,36,62,32,30,32,29
184,Mays Lake,0,0,6,6,4,4,4,4,2,2,0,2,0,0,1,1,1,1,0,0,0,0,0,0,0,0,0,0,0,0,0,0,0,0,0,0,0,0,0,0,0,0,0,0,0,0,0,0,0,0,8,8,5,10,14,14,10,10,6,6
185,McCarrons Lake,22216,22280,23336,23526,23594,23410,23911,23927,23341,23631,18614,18597,18,18,16,18,16,10,147,143,10,6,8,0,0,0,0,0,0,0,641,640,1336,1318,1318,1326,434,455,430,445,427,437,307,301,417,409,393,397,1416,1438,1390,1368,1393,1426,632,631,1336,1319,1271,1175
186,McDonald Lake,0,0,583,589,589,591,307,306,298,298,298,294,0,0,21,23,22,23,18,20,10,10,10,12,0,0,0,0,0,0,2,2,4,4,4,4,0,0,0,0,0,0,0,0,4,4,4,4,0,0,22,22,10,22,34,30,26,26,26,26
187,McDonough Lake,5286,5322,5321,5319,5323,5323,5327,5327,5327,5325,5325,5349,0,0,0,0,0,0,0,0,0,0,0,0,34,38,38,36,36,35,36,36,34,49,49,43,0,0,0,0,0,0,0,0,0,0,0,0,4,4,4,4,4,4,4,4,4,4,4,4
188,McKnight Lake,204,207,252,248,242,243,160,171,179,179,177,177,20,78,18,18,16,16,15,15,14,15,15,15,0,0,0,0,0,0,0,0,0,1,0,0,6,6,6,6,6,6,6,6,6,6,6,6,22,22,22,22,28,28,28,28,32,28,30,29
189,McKusick Lake,0,0,3890,3859,3934,3885,2002,2004,1985,1978,1978,1968,0,0,7,7,17,7,10,10,4,6,4,4,0,0,0,0,1,0,174,174,142,142,140,140,0,0,0,0,0,0,0,0,0,0,0,0,0,0,397,380,198,397,484,482,502,476,492,441
190,McMahon Lake,2760,1916,0,0,0,0,2110,2255,2635,3562,2275,2277,1527,954,0,0,0,0,810,793,800,795,827,845,6,34,0,0,0,0,4,146,145,134,148,150,0,0,0,0,0,0,4,8,8,8,8,8,120,108,0,0,0,0,154,178,180,212,221,236
191,Meadow Lake,0,5704,5671,5647,5784,5798,5792,5782,5788,4544,4539,4693,0,0,0,0,176,176,176,176,176,176,176,176,0,426,319,352,620,396,396,410,408,398,404,388,0,193,188,188,209,184,186,188,182,184,336,330,0,43,50,57,70,66,66,66,63,64,64,64
192,Medicine Lake,0,1554,1561,1514,1535,1534,1534,1537,1534,1086,1090,1070,0,0,0,0,0,0,0,0,0,0,0,0,0,61,67,67,73,74,74,62,62,61,61,61,0,46,46,46,98,46,46,62,62,64,64,62,0,25,25,25,25,25,25,25,25,25,25,25
193,Medina Lake,0,2891,3124,3340,3459,3470,3667,3751,3895,2494,2644,2860,0,196,384,166,209,181,253,261,253,380,577,383,0,361,425,431,372,377,375,380,386,325,329,317,0,76,76,76,81,80,80,118,80,158,160,166,0,164,174,188,190,200,208,208,219,237,258,318
194,Mergens Pond,0,0,1065,1065,1068,1064,549,556,539,542,542,540,0,0,8,8,9,8,18,20,14,12,12,12,0,0,0,0,0,0,0,0,0,0,0,0,0,0,0,0,0,0,0,0,0,0,0,0,0,0,16,16,8,16,44,52,28,28,24,24
195,Meuwissen Lake,179,178,328,358,340,337,216,209,208,239,230,231,78,247,75,75,105,115,111,121,123,123,123,123,0,0,0,0,0,0,8,8,8,8,8,8,2,2,2,2,2,2,2,2,2,2,2,2,8,8,8,12,12,16,15,15,15,19,14,21
196,Miller Lake,95,98,98,100,98,100,66,66,60,76,67,69,146,146,151,156,157,157,147,148,145,145,154,152,0,0,0,0,0,0,4,4,4,4,4,4,0,0,0,0,0,0,0,0,0,0,0,0,7,7,7,7,7,7,6,8,8,10,10,10
197,Minnetoga Lake,0,3078,3069,3069,3074,3082,3057,3010,3010,1894,1891,1893,0,0,0,0,0,0,20,0,0,0,0,0,0,44,46,48,48,48,48,48,48,46,46,44,0,10,10,10,11,10,10,12,12,8,4,4,0,14,14,14,14,14,14,14,14,14,20,20
198,Minnetonka Lake,0,518,503,501,498,501,503,499,500,292,288,292,0,0,0,0,0,0,0,0,0,0,0,0,0,15,15,15,15,15,10,14,14,14,14,15,0,0,0,0,0,0,0,0,0,0,0,0,0,12,12,12,12,12,12,12,12,12,12,12
199,Minnewashta Lake,1603,3432,3527,3577,3572,3562,2907,2910,2841,2288,2302,2293,4,73,0,0,0,0,0,0,0,1,0,0,0,76,76,76,79,72,100,100,101,97,99,97,1,1,1,1,1,2,2,2,2,2,2,4,65,95,109,109,113,113,100,100,100,101,102,102
200,Mitchell Lake,0,2851,2733,2732,2776,2744,2744,2740,2740,1703,1704,1703,0,0,0,0,0,0,0,0,0,0,0,0,0,50,52,53,82,56,60,58,58,58,58,60,0,20,23,21,30,24,24,24,24,24,24,24,0,80,80,80,80,82,84,84,80,80,80,80
201,Moody Lake,0,0,22,22,22,22,12,12,11,11,9,10,0,0,4,4,4,4,6,6,4,4,4,6,0,0,0,0,0,0,0,0,0,0,0,0,0,0,0,0,0,0,0,0,0,0,0,0,0,0,6,6,3,6,6,6,6,6,6,6
202,Mooney Lake,0,7422,7378,7379,7376,7387,7388,7395,7400,4520,4524,4540,0,69,69,67,65,63,60,60,68,62,76,100,0,188,256,261,423,553,569,267,264,416,265,269,0,65,184,184,336,482,482,186,188,340,32,32,0,86,86,136,146,148,148,148,150,148,148,148
203,Moore Lake,142,393,4776,4766,4759,4761,4755,4752,4749,4678,4631,4643,0,8586,0,0,0,0,0,0,0,0,0,0,0,300,352,342,310,302,298,294,300,286,288,298,0,2,74,74,64,60,60,60,60,60,58,56,0,0,578,588,529,553,553,557,552,560,536,528
204,Mud Lake,0,0,4,4,2,4,4,4,3,3,3,3,0,0,26,26,27,26,30,34,24,24,24,24,0,0,0,0,0,0,0,0,0,0,0,0,0,0,0,0,0,0,0,0,0,0,0,0,0,0,4,4,2,4,12,20,4,4,4,4
205,Myers Lake,56,59,62,63,65,64,54,54,49,58,55,55,104,106,110,108,107,107,105,103,107,106,120,118,0,0,0,0,0,0,10,10,13,13,13,13,8,8,8,8,8,8,8,8,8,8,8,8,7,7,7,7,7,6,10,10,7,6,7,7
206,Nokomis Lake,5835,41806,42069,42512,43134,43340,43447,43367,43300,39397,38050,38045,0,73,158,540,1296,1504,1552,1472,1424,1432,1432,1428,0,2872,3935,4092,8475,7881,9754,9302,7845,7500,6670,6654,93,969,1962,1787,5049,4921,6486,5897,4293,3967,2338,2326,222,272,1273,1276,4350,4355,5864,5460,3898,3571,2760,2752
207,Normandale Lake,0,6556,6874,6762,7220,7178,8119,8121,8120,5999,6001,6000,0,141,657,507,1014,1014,1962,1962,1962,1962,1962,1962,0,261,844,697,1230,1213,2164,2158,2156,2156,2158,2162,0,21,23,21,27,32,72,72,76,38,36,34,0,96,96,96,108,105,105,105,105,108,108,108
208,North Twin Lake,0,0,233,233,232,233,139,149,123,122,122,112,0,0,31,31,32,31,42,44,18,20,24,16,0,0,0,0,0,0,2,2,0,0,0,0,0,0,0,0,0,0,0,0,0,0,0,0,0,0,27,27,13,26,38,60,28,28,28,26
209,Northwood Lake,0,8223,8356,8164,8801,8804,8802,8799,8789,6839,6841,7272,0,70,210,210,840,840,840,840,840,840,840,1260,0,306,285,288,381,296,292,298,302,298,298,306,0,222,215,221,272,270,266,266,268,268,268,262,0,83,261,261,892,892,892,892,892,893,893,1313
210,O'Connors Lake,0,0,162,158,153,160,84,81,75,76,77,74,0,0,56,54,53,52,66,66,52,50,50,43,0,0,8,8,8,8,30,30,12,12,12,12,0,0,0,0,0,0,0,0,0,0,0,0,0,0,26,26,13,26,32,32,28,28,28,25
211,O'Dowd Lake,6362,4351,0,0,0,0,4798,4818,5090,7247,4971,4964,203,117,0,0,0,0,84,92,83,82,83,85,39,114,0,0,0,0,26,148,138,144,146,148,0,0,0,0,0,0,0,24,14,14,16,20,521,371,0,0,0,0,357,391,396,399,401,400
212,Oak Lake,72,81,81,84,86,82,57,57,53,71,60,60,61,67,69,71,71,73,73,75,75,78,74,76,2,2,2,2,2,2,4,4,4,4,4,4,0,0,0,0,0,0,0,0,0,0,0,0,10,12,12,12,12,12,12,12,12,15,14,14
213,Ohmans Lake,1035,1035,1056,1064,1058,1073,1062,1054,1108,1100,1101,1089,159,157,155,167,153,148,262,281,251,249,246,160,82,76,79,76,77,89,89,129,89,87,83,87,272,277,287,306,305,295,301,319,283,272,274,282,29,27,34,34,34,44,45,49,49,47,47,31
214,Olson Lake,0,0,1639,1635,1656,1642,823,822,819,825,811,819,0,0,11,11,11,11,6,6,6,6,8,8,0,0,0,0,0,0,10,10,10,10,8,8,0,0,0,0,0,0,0,0,0,0,0,0,0,0,54,53,27,52,62,62,62,62,62,62
215,Oneka Lake,0,0,1559,1569,1580,1581,861,852,809,807,807,790,0,0,305,297,289,285,316,324,236,242,238,214,0,0,0,0,0,0,118,124,124,124,124,114,0,0,0,0,0,0,0,0,64,64,88,81,0,0,84,80,46,80,130,140,106,106,82,81
216,Orchard Lake,2197,1949,1683,1769,1779,1779,2139,2133,2214,2380,2144,2157,104,170,116,30,22,22,58,62,64,64,64,66,8,14,8,8,8,8,8,18,19,16,19,19,0,0,0,0,0,0,0,0,0,0,0,0,147,109,0,0,0,0,109,113,113,113,114,114
217,Otter Lake,1246,1302,2099,2144,2143,2139,2120,2126,2075,2075,1618,1639,0,1463,112,120,58,60,58,60,67,64,53,52,0,12,0,0,0,0,16,16,20,22,22,22,19,21,25,43,20,26,13,13,25,23,23,23,90,91,163,167,166,179,81,91,105,105,101,110
218,Owasso Lake,4165,4211,4238,4244,4151,4247,4260,4308,4201,4203,2509,2506,0,0,0,0,0,0,0,0,0,0,0,0,0,0,0,0,0,0,26,26,126,126,126,128,6,6,6,6,6,6,2,2,6,6,6,6,262,268,262,260,270,268,54,89,211,211,210,170
219,Ox Yoke Lake,1,590,581,581,577,588,590,586,578,451,462,455,7,222,217,219,219,215,235,225,223,241,245,243,0,35,35,35,35,39,35,35,35,35,35,35,0,0,0,0,0,0,0,0,0,0,0,0,1,41,38,39,38,40,40,46,42,64,72,68
220,Pamela Pond,0,3784,3738,3747,3755,3759,3744,3682,3686,3181,3196,3196,0,0,0,0,0,0,0,0,0,0,0,0,0,134,148,148,189,168,168,168,170,162,162,160,0,39,39,31,36,32,30,26,24,28,28,30,0,8,9,7,13,13,13,13,13,17,17,17
221,Parkers Lake,0,6494,6267,6223,6725,6730,6734,6737,6746,4469,4477,4495,0,10,10,10,430,430,430,430,432,418,418,520,0,348,407,411,467,446,450,434,432,428,430,428,0,341,341,343,519,338,338,334,332,331,331,327,0,185,185,189,202,202,202,200,200,198,198,204
222,Parley Lake,18,1244,1235,1244,1263,1262,1250,1247,1247,778,773,776,46,106,70,73,70,68,65,65,65,66,97,77,0,122,118,122,122,122,118,118,118,122,122,126,0,28,28,26,29,26,28,26,26,26,30,24,13,34,34,34,34,34,31,31,31,31,33,50
223,Pat Lake,0,0,73,73,73,73,46,47,40,40,40,40,0,0,6,6,6,6,10,10,2,2,2,2,0,0,0,0,0,0,0,0,0,0,0,0,0,0,0,0,0,0,0,0,0,0,0,0,0,0,3,3,2,3,8,10,4,4,4,4
224,Patterson Lake,66,67,67,67,69,70,50,50,46,58,49,48,80,80,80,77,76,77,79,79,81,82,81,81,0,0,0,0,0,0,0,0,0,0,0,0,0,0,0,0,0,0,0,0,0,0,0,0,2,2,2,2,3,3,3,3,3,3,3,3
225,Peltier Lake,0,120,1195,1187,1130,1124,1104,1105,1099,1099,1099,1100,0,2247,229,227,195,206,219,218,224,223,231,235,0,112,96,96,92,104,127,128,130,135,141,149,0,0,36,34,30,30,32,32,32,32,32,34,0,0,306,312,253,259,283,282,306,294,294,297
226,Penn Lake,0,20301,20354,20315,20663,20553,20521,20521,20529,16781,16923,16770,0,322,586,680,1154,1140,1140,1140,1140,828,828,828,0,1640,1679,1655,2394,1992,2146,2179,2189,2525,2563,2600,0,817,1330,1257,2053,1698,1656,1492,1491,1355,1030,1044,0,79,80,81,91,107,103,109,112,106,105,112
227,Pepin Lake,45,29,0,0,0,0,33,36,44,57,40,42,175,123,0,0,0,0,111,117,115,116,111,111,0,2,0,0,0,0,0,6,4,2,2,4,0,0,0,0,0,0,0,0,0,0,0,0,11,7,0,0,0,0,12,12,12,12,12,15
228,Peter Lake,0,472,498,491,495,497,494,493,499,356,357,355,0,151,129,127,123,120,121,120,120,120,123,125,0,33,37,37,39,39,37,37,33,32,32,32,0,24,26,26,26,28,26,26,26,26,26,26,0,15,16,18,20,22,22,22,22,22,22,22
229,Phalen Lake,23824,23966,25227,25352,25444,25237,25689,25705,25237,25311,19289,19339,0,0,0,0,0,0,18,18,0,0,0,2,0,0,0,0,0,0,512,500,1171,1165,1160,1142,350,341,319,319,288,269,222,207,226,224,223,224,1810,1751,1704,1655,1668,1738,630,642,1749,1718,1627,1472
230,Pickerel Lake,0,543,2881,2999,2912,2904,2911,2916,2935,2939,2971,3001,0,5475,1048,1032,851,900,880,867,904,970,966,964,0,132,118,130,130,134,132,130,129,131,131,131,0,0,78,82,84,88,88,88,88,88,88,88,0,0,286,286,229,241,243,243,249,249,251,239
231,Pierson Lake,214,210,353,353,357,349,200,200,195,233,231,229,51,51,50,50,50,50,45,42,46,46,46,48,0,0,0,0,0,0,6,6,6,6,6,4,0,0,0,0,0,0,0,0,0,0,0,0,6,6,12,14,14,14,14,14,14,14,14,14
232,Pike Lake,1812,2855,2829,2890,2838,2900,2943,2945,2870,2506,1920,1925,0,0,0,0,0,0,72,72,0,0,0,0,0,13,13,13,13,13,37,37,101,98,98,98,14,29,29,31,31,31,23,23,31,34,34,34,71,113,113,117,115,113,96,101,111,111,111,109
233,Pine Tree Lake,0,0,607,609,612,613,312,319,307,307,307,307,0,0,46,44,40,38,48,50,38,38,38,38,0,0,0,0,0,0,22,26,22,22,22,11,0,0,0,0,0,0,0,0,0,0,0,0,0,0,16,16,9,18,40,46,18,18,18,18
234,Plaisted Lake,0,0,108,108,105,110,65,63,55,56,57,57,0,0,66,66,70,66,86,84,62,54,56,52,0,0,0,0,0,0,8,8,0,0,0,0,0,0,0,0,0,0,0,0,0,0,0,0,0,0,10,10,5,10,30,26,14,14,14,14
235,Pleasant Lake,1967,1444,0,0,0,0,1615,1778,1969,2609,1826,1825,2471,1578,0,0,0,0,1343,1366,1359,1343,1376,1400,18,112,0,0,0,0,10,366,325,282,328,342,78,54,0,0,0,0,76,161,135,95,129,137,423,292,0,0,0,0,309,393,381,389,427,425
236,Pomerleau Lake,0,8050,7821,8064,8555,8716,8764,9304,9623,6624,6970,7301,0,142,206,255,359,473,379,473,493,448,447,407,0,67,68,69,78,80,80,88,86,88,96,90,0,19,21,22,24,24,24,22,22,22,22,24,0,237,243,312,322,332,332,360,377,395,397,399
237,Powers Lake,0,0,1007,1006,1019,1008,505,505,505,505,503,505,0,0,0,0,0,0,0,0,0,0,0,0,0,0,0,0,0,0,42,42,42,42,42,42,0,0,0,0,0,0,0,0,0,0,0,0,0,0,94,98,48,98,124,126,126,126,126,120
238,Priebe Lake,5374,5377,5987,6005,5996,5988,5722,5677,5693,5705,3995,3963,0,0,0,0,0,0,6,6,0,0,0,0,0,0,0,0,0,0,66,68,148,148,146,149,0,0,0,0,0,0,3,3,0,0,0,0,175,171,219,227,203,226,118,126,195,195,191,179
239,Raven Lake,2910,3173,3270,3369,3379,3369,3411,3440,3482,3599,3673,4103,39,41,41,41,41,41,43,43,43,141,341,73,87,117,125,135,135,135,133,135,135,137,125,121,0,0,0,0,0,0,0,0,0,0,0,0,3,3,3,3,3,3,3,3,3,3,3,3
240,Rebecca Lake,0,323,309,310,299,299,302,302,299,227,226,226,0,22,18,18,18,16,18,18,18,20,20,20,0,69,70,73,75,73,71,73,73,73,73,73,0,26,26,26,26,26,26,26,26,26,26,26,0,45,55,56,59,57,57,57,57,59,59,59
241,Red Rock Lake,0,3171,3175,3162,3186,3162,3162,3162,3159,2013,2019,2059,0,6,6,6,6,6,6,6,6,4,4,4,0,102,125,123,156,146,146,151,153,150,146,148,0,107,124,128,208,135,135,133,135,137,137,135,0,58,56,56,56,55,55,55,55,57,63,63
242,Regional Park Lake,185,197,10825,10806,11106,10829,5586,5599,5594,5591,5612,5588,62,63,405,383,377,368,392,401,359,355,351,328,4,0,8,8,10,8,962,972,938,936,938,905,0,0,70,102,126,124,218,226,218,214,234,219,2,2,693,686,461,689,1043,1077,1073,1073,1072,1004
243,Reitz Lake,380,380,384,716,705,693,443,416,443,528,486,560,165,169,332,156,148,141,135,135,136,138,134,127,0,0,0,0,0,0,24,22,24,24,18,16,0,0,0,0,0,0,0,0,0,0,0,0,25,25,29,35,51,51,44,50,50,50,60,68
244,Reshanau Lake,0,4,1183,1246,1228,1228,1228,1227,1227,1259,1257,1287,0,2361,4,4,4,4,4,4,4,8,10,8,0,4,6,6,6,6,4,4,4,8,8,8,0,0,4,4,4,4,4,4,4,4,4,4,0,0,208,210,211,211,211,213,216,222,218,226
245,Rest Area Pond,0,0,233,235,229,237,116,116,109,110,110,108,0,0,20,18,17,16,84,88,34,34,34,13,0,0,4,4,3,4,62,70,48,48,48,24,0,0,0,0,0,0,64,68,20,20,20,13,0,0,66,66,33,66,64,66,66,66,66,51
246,Rice Elm Lake,0,11884,11792,11785,11963,11957,11948,11959,11943,8186,8190,8528,0,56,80,55,70,79,97,77,78,79,89,91,0,420,431,511,900,817,808,806,865,862,880,880,0,278,344,560,635,616,612,611,587,590,588,584,0,192,197,199,201,202,202,202,201,201,201,201
247,Rice Lake,22,22,22,22,24,24,16,16,15,18,15,16,61,61,61,61,59,59,57,55,55,55,61,61,0,0,0,0,0,0,0,0,0,0,0,0,0,0,0,0,0,0,0,0,0,0,0,0,2,2,2,2,2,2,2,2,2,2,2,2
248,Riley Lake,1662,2151,1054,1120,1125,1124,2139,2145,2258,2275,1978,1987,13,19,15,15,15,15,19,12,10,10,20,24,0,164,30,30,30,30,30,248,241,236,248,242,6,4,0,0,0,0,4,24,17,12,24,26,214,180,50,50,54,54,193,203,199,204,210,221
249,Rogers Lake,3210,3214,3212,3218,3210,3210,3210,3210,3214,3217,3220,3225,0,0,0,0,0,0,0,0,0,0,0,0,254,262,264,262,266,244,266,264,260,260,260,260,63,63,63,63,60,58,58,58,58,58,58,58,0,0,2,2,2,2,2,2,2,2,2,2
250,Rose Lake,0,0,115,115,116,115,56,56,55,55,54,54,0,0,1,1,1,1,4,4,2,2,4,3,0,0,0,0,0,0,8,8,8,8,8,8,0,0,0,0,0,0,0,0,0,0,0,0,0,0,6,6,3,6,12,12,12,12,12,10
251,Rutz Lake,216,215,341,367,373,373,242,240,237,236,234,235,77,224,77,87,81,83,77,77,78,84,81,79,0,0,0,0,0,0,22,22,22,22,23,23,8,8,8,8,8,8,6,6,6,6,6,6,15,15,23,21,23,23,40,43,47,47,39,43
252,Ryan Lake,0,8305,8310,8320,8218,8226,8189,8183,8200,7379,7382,7371,0,2,2,2,3,2,2,2,2,2,2,2,0,415,534,562,749,678,681,693,677,671,673,683,0,291,279,254,281,278,268,278,276,268,270,265,0,24,35,37,36,36,36,36,36,42,42,42
253,Sand Lake,0,0,263,267,265,267,143,150,138,138,138,137,0,0,81,79,80,79,78,146,62,62,62,62,0,0,0,0,0,0,4,16,0,0,0,0,0,0,0,0,0,0,0,0,0,0,0,0,0,0,58,58,29,58,62,112,64,64,64,59
254,Sarah Lake,0,815,815,819,822,832,834,831,833,552,549,552,0,118,116,109,107,151,150,144,144,154,147,161,0,13,12,19,18,18,18,18,18,20,20,20,0,2,2,2,2,2,2,2,4,4,4,4,0,34,36,36,39,39,39,37,37,54,50,46
255,Scheuble Lake,766,768,770,766,767,766,461,458,455,480,455,454,60,58,62,63,61,56,54,54,53,54,55,55,0,0,0,0,0,0,8,8,8,8,8,8,0,0,0,0,0,0,0,0,0,0,2,2,19,19,21,21,21,21,20,20,20,20,20,27
256,Schmidt Lake,0,4352,4335,4265,4269,4274,4267,4259,4258,2598,2600,2605,0,0,0,0,0,0,0,0,0,0,0,0,0,73,59,59,61,61,60,62,64,56,56,56,0,10,10,10,14,10,10,10,10,12,12,12,0,75,88,94,94,94,94,100,100,97,97,97
257,School Lake,0,0,149,149,155,155,79,79,78,78,78,78,0,0,14,14,8,8,12,10,8,8,8,8,0,0,0,0,0,0,0,0,0,0,0,0,0,0,0,0,0,0,0,0,0,0,0,0,0,0,6,6,3,6,10,6,6,6,6,6
258,Schroeder Pond,0,0,82,82,80,82,47,47,43,43,43,42,0,0,50,50,51,50,58,60,44,48,46,43,0,0,0,0,0,0,14,18,0,0,0,0,0,0,0,0,0,0,0,0,0,0,0,0,0,0,15,15,8,15,14,16,16,16,16,13
259,Schultz Lake,2912,3883,4008,4051,4181,4183,4189,4185,4304,4493,4738,5046,327,126,126,128,148,150,147,207,324,283,151,227,41,39,41,39,41,47,43,41,41,41,39,39,38,26,24,24,26,22,22,12,14,14,14,14,18,15,5,3,5,5,4,2,2,2,2,2
260,Schutz Lake,166,176,175,175,176,178,95,95,91,106,96,97,2,2,0,0,0,0,0,0,0,0,0,0,0,0,0,0,0,0,0,0,0,0,0,0,0,0,0,0,0,0,0,0,0,0,0,0,15,16,16,16,16,16,13,13,14,13,12,12
261,Scout Lake,15099,15124,15165,15163,15200,15201,15201,15207,15201,15195,15220,15209,0,0,0,0,0,0,0,0,0,0,0,0,307,338,411,413,415,418,416,416,418,418,418,416,42,100,42,40,40,39,39,39,39,39,39,39,43,43,43,43,41,41,41,43,45,45,45,44
262,Sea Lake,0,0,163,163,160,163,91,91,86,86,86,84,0,0,89,89,92,89,94,92,78,78,78,59,0,0,0,0,0,0,12,12,12,12,12,12,0,0,0,0,0,0,0,0,0,0,12,12,0,0,15,15,11,15,32,32,20,20,8,8
263,Sed Basin Adj to Valley Lake,6066,6223,6248,6315,6315,6312,6301,6313,6309,6297,6297,6286,69,9,57,7,5,5,5,5,7,7,7,217,361,381,369,369,369,369,375,367,371,365,367,367,14,2,0,0,0,0,0,0,0,0,0,0,0,0,0,0,0,0,0,0,0,2,2,0
264,Seidl Lake,9482,9743,9809,9862,9832,9804,9802,9815,9831,9815,9826,9816,28,28,28,28,30,30,30,28,28,28,28,28,803,771,810,796,803,797,819,818,816,802,800,792,218,226,222,222,222,222,223,219,232,230,225,227,48,48,48,52,51,52,40,40,51,51,47,47
265,Shady Oak Lake,0,3598,3642,3649,4251,4031,3996,3950,3955,3184,3192,3566,0,48,58,58,144,144,136,136,136,136,136,160,0,700,769,758,1402,1090,1088,1111,1113,1097,1113,1443,0,204,295,304,884,637,637,635,639,645,647,1009,0,76,140,140,690,466,454,454,452,463,461,817
266,Shavers Lake,0,2283,2268,2270,2271,2279,2276,2264,2229,1407,1415,1421,0,0,0,0,0,0,0,0,0,0,0,0,0,132,130,134,152,136,136,134,134,133,136,127,0,2,2,2,2,0,0,0,0,0,0,2,0,55,54,54,55,55,55,55,55,54,54,54
267,Shields Lake,0,0,905,905,992,988,505,507,485,483,482,482,0,0,150,148,128,130,162,166,130,130,130,126,0,0,0,0,0,0,32,32,30,30,30,30,0,0,0,0,0,0,0,0,4,4,4,4,0,0,108,99,49,99,132,138,114,114,114,111
268,Silver Lake,4749,4753,4999,5075,5056,5097,5053,5062,4976,5309,3496,3490,0,0,0,0,0,0,0,0,0,0,0,0,0,0,2,2,3,2,134,139,433,430,420,449,49,49,49,47,46,45,32,32,99,99,92,98,321,322,361,378,375,358,153,184,267,258,256,250
269,Simley Lake,11533,11690,17313,17292,17402,17344,14615,14642,14559,14544,14547,14500,3,3,194,194,199,196,253,266,252,252,252,186,321,346,325,324,313,306,1079,1033,1072,1066,1074,928,51,46,259,286,286,282,564,544,644,648,666,535,16,16,232,226,132,234,326,342,334,338,318,301
270,Smetana Lake,0,2213,2029,2046,2173,2157,2135,2133,2131,1440,1428,1427,0,87,97,97,190,206,206,206,190,190,188,184,0,1903,4332,2943,5631,4348,3127,1890,1889,3229,3248,3176,0,1340,3961,2577,5290,3829,2601,123,123,497,493,495,0,776,3772,2559,5018,3818,2590,1358,1354,2530,2560,2488
271,Snail Lake,2511,2597,2626,2681,2667,2667,2735,2739,2679,2702,1511,1510,2,2,2,2,2,2,0,0,2,2,2,2,0,0,0,0,0,0,26,26,72,72,72,72,0,0,0,0,0,0,0,0,0,0,0,0,141,153,153,153,150,150,26,30,79,79,79,61
272,South Oak Lake,0,5879,5881,5878,6467,6442,6344,6252,6253,5559,5573,5574,0,0,18,12,608,608,612,608,608,624,624,620,0,496,488,497,641,542,537,542,552,543,543,543,0,447,425,418,566,496,494,496,494,488,478,476,0,139,144,144,148,148,144,144,146,139,139,139
273,South Rice Lake,0,10101,10126,10118,9865,9926,9938,9959,9997,8312,8337,8321,0,2,2,2,2,2,2,2,2,2,2,2,0,862,1018,1078,1513,1250,1229,1166,1151,1143,1137,1149,0,337,342,277,464,296,292,306,312,318,314,324,0,20,21,23,27,26,26,26,26,28,26,26
274,South School Section Lake,0,0,52,52,50,50,36,32,28,28,28,26,0,0,29,29,31,31,30,30,24,24,24,22,0,0,0,0,0,0,0,0,0,0,0,0,0,0,0,0,0,0,0,0,0,0,0,0,0,0,2,2,1,2,6,2,2,2,2,2
275,South Twin Lake,0,0,852,843,1096,1074,570,643,630,657,747,740,0,0,38,24,16,16,12,12,6,6,6,8,0,0,11,11,11,11,20,20,16,16,18,18,0,0,0,0,0,0,0,0,0,0,0,0,0,0,104,102,54,106,139,143,131,135,157,195
276,Spring Lake,461,301,0,0,0,0,299,297,318,477,308,310,0,0,0,0,0,0,0,0,0,0,0,0,0,0,0,0,0,0,0,2,2,2,2,2,0,0,0,0,0,0,0,0,0,0,0,0,72,48,0,0,0,0,53,53,51,50,50,50
277,Square Lake,0,0,43,41,37,41,27,25,23,23,23,23,0,0,13,15,16,15,14,14,10,10,10,10,0,0,0,0,0,0,0,0,0,0,0,0,0,0,0,0,0,0,0,0,0,0,0,0,0,0,2,2,1,2,2,2,2,2,2,2
278,St. Joe Lake,565,571,573,575,578,576,365,365,358,370,372,372,2,2,2,3,0,0,0,0,0,0,0,0,0,0,0,0,0,0,0,0,0,0,0,0,0,0,0,0,0,0,0,0,0,0,0,0,21,21,21,21,25,27,24,24,24,23,24,24
279,Staples Lake,0,0,68,66,64,66,37,37,33,33,33,32,0,0,14,16,18,16,22,22,14,14,14,14,0,0,0,0,0,0,2,2,0,0,0,0,0,0,0,0,0,0,0,0,0,0,0,0,0,0,44,44,22,44,50,50,46,46,46,46
280,Staring Lake,5,6315,6147,6101,6134,6121,6124,6117,6116,3905,3905,3912,0,41,31,31,33,33,33,31,31,28,30,30,0,171,182,191,213,184,184,194,192,191,199,199,6,37,32,32,42,44,48,52,48,50,54,56,5,233,250,282,283,282,286,290,287,285,287,287
281,Stieger Lake,960,1052,1036,1014,1007,1009,661,659,670,661,641,641,9,9,9,9,9,9,10,10,10,9,10,10,0,0,0,0,0,0,67,67,73,73,69,69,8,6,6,6,6,6,6,6,6,6,6,6,99,99,98,103,103,107,95,97,98,101,107,107
282,Success Lake,0,22201,22118,22268,22262,22277,22282,22276,22235,16045,16199,16183,0,204,499,68,72,74,99,103,131,284,210,304,0,694,1026,733,986,765,763,768,769,757,961,971,0,219,298,293,471,424,396,196,196,191,587,591,0,249,269,313,317,323,323,325,324,323,321,321
283,Sucker Lake,3147,3146,3150,3184,3177,3176,3262,3268,3192,3230,1813,1804,0,0,0,0,0,0,0,0,0,0,0,0,0,0,0,0,0,0,14,14,64,64,64,64,10,10,10,10,10,10,2,2,12,12,12,12,101,105,105,104,110,110,24,33,61,61,61,61
284,Sullivan Lake,0,1342,5364,5379,5405,5402,5401,5394,5388,5178,5186,5191,0,7706,0,0,0,0,0,0,0,0,0,0,0,484,595,589,644,644,644,640,616,618,620,632,0,12,146,142,140,134,134,140,140,134,134,136,0,7,403,403,365,377,381,393,387,370,346,337
285,Sunfish Lake,2255,2340,2781,2799,2781,2768,2582,2583,2570,2563,2583,2573,4,4,38,38,37,36,32,34,24,24,24,22,63,63,65,63,63,63,197,197,209,193,193,193,0,0,2,2,2,2,4,4,48,48,48,48,0,0,78,74,37,74,104,106,102,108,106,106
286,Sunnybrook Lake,0,0,482,480,481,482,262,267,247,247,249,247,0,0,33,35,35,33,36,40,22,22,20,15,0,0,0,0,0,0,60,70,64,64,64,61,0,0,0,0,0,0,0,0,0,0,4,4,0,0,78,74,38,74,98,114,80,80,76,67
287,Sunset Lake,0,0,636,636,639,644,339,344,327,323,323,319,0,0,76,76,71,68,76,78,48,46,48,48,0,0,0,0,0,0,0,0,0,0,0,0,0,0,0,0,0,0,0,0,0,0,0,0,0,0,8,8,4,8,34,36,16,16,16,16
288,Sunset Pond,12046,10685,6886,6886,6888,6890,10670,10752,10861,12769,10510,10504,45,30,0,0,0,0,10,12,12,6,8,8,368,489,385,387,387,385,387,689,670,619,662,660,309,286,226,201,207,205,264,321,299,263,311,309,635,425,11,11,11,11,454,482,496,497,504,506
289,Susan Lake,1934,1943,2232,2291,2359,2379,1632,1632,1660,1677,1668,1666,23,21,89,13,13,25,7,7,7,7,9,9,0,0,0,0,0,0,163,163,164,165,154,158,64,66,70,68,68,66,68,68,68,68,78,78,88,92,86,90,94,95,102,104,100,103,112,116
290,Swede Lake,169,304,310,323,319,325,220,220,212,233,223,223,155,144,147,144,144,140,139,139,141,138,136,138,0,0,0,0,0,0,24,24,24,24,20,22,0,0,2,2,2,2,2,2,2,2,2,2,7,7,11,11,11,11,10,10,10,10,14,14
291,Sweeney Lake,0,2876,2837,2832,2822,2807,2810,2811,2814,2025,2026,2033,0,0,0,0,0,0,0,0,0,0,0,0,0,552,3097,3094,5082,5074,5052,5032,4084,11870,8012,8014,0,268,3001,3003,4965,4959,4937,4919,3967,11764,7908,7910,0,124,2971,2971,4936,4936,4916,4896,3948,11739,7883,7883
292,Sylvan Lake,0,103,110,119,121,123,125,129,131,87,87,88,0,47,40,26,26,26,26,26,26,30,30,30,0,5,5,5,5,5,6,6,6,6,6,6,0,0,0,0,0,0,0,0,0,0,0,0,0,0,0,0,0,0,2,4,6,8,8,8
293,Tamarack Lake,341,344,347,476,476,472,310,302,300,301,313,313,15,15,259,14,13,10,12,12,10,13,4,4,0,0,0,0,0,0,0,0,0,0,0,0,0,0,0,0,0,0,0,0,0,0,0,0,18,18,21,21,23,28,29,33,34,35,40,42
294,Tanners Lake,10095,10137,14375,14437,14531,14466,12202,12222,12193,12231,9294,9289,0,0,0,0,0,0,0,0,0,0,0,0,0,0,0,0,0,0,220,216,432,435,438,411,7,1,1,2,1,2,2,4,6,6,5,5,518,523,753,757,652,784,484,490,778,678,681,667
295,Terrapin Lake,0,0,331,331,311,329,179,187,164,164,166,165,0,0,117,109,110,107,110,110,80,80,80,72,0,0,0,0,0,0,0,0,0,0,0,0,0,0,0,0,0,0,0,0,0,0,0,0,0,0,53,53,27,53,84,86,82,82,82,69
296,Third Lake,0,0,28,28,28,28,14,14,13,13,13,13,0,0,4,4,4,4,4,4,6,6,6,6,0,0,0,0,0,0,0,0,0,0,0,0,0,0,0,0,0,0,0,0,0,0,0,0,0,0,2,2,1,2,2,2,2,2,2,2
297,Thole Lake,825,480,0,0,0,0,508,550,703,935,592,595,438,288,0,0,0,0,286,290,293,279,300,298,0,8,0,0,0,0,0,62,56,42,57,57,5,6,0,0,0,0,6,12,12,6,12,12,29,25,0,0,0,0,27,27,33,35,38,36
298,Thomas Lake,11047,11308,11304,11322,11321,11322,11326,11327,11325,11329,11444,11243,7,0,0,0,0,0,0,0,0,0,0,0,81,83,85,85,85,85,85,85,85,81,75,83,0,0,0,0,0,0,0,0,0,0,0,0,4,4,2,2,2,2,2,2,2,2,2,2
299,Tiger Lake,43,42,46,47,46,46,29,29,27,36,33,33,168,166,165,167,169,166,167,167,168,166,167,171,0,0,0,0,0,0,12,12,12,12,6,6,0,0,0,0,0,0,0,0,0,0,0,0,8,8,8,8,10,9,10,10,10,12,12,12
300,Turtle Lake,0,0,20,20,19,20,12,12,11,11,11,11,0,0,22,22,23,22,26,28,22,22,22,19,0,0,0,0,0,0,0,0,0,0,0,0,0,0,0,0,0,0,0,0,0,0,0,0,0,0,9,9,4,9,12,16,8,8,8,8
301,Twin Lake,0,5666,5655,5651,5501,5492,5469,5473,5482,4374,4375,4373,0,0,0,0,0,0,0,0,0,0,0,0,0,432,426,428,507,427,429,433,485,450,486,470,0,76,62,64,63,65,68,55,53,53,55,56,0,29,28,28,28,28,30,30,30,27,27,27
302,Upper Prior Lake,1971,1289,0,0,0,0,1368,1368,1396,1977,1378,1378,3,2,0,0,0,0,0,0,0,0,0,0,0,12,0,0,0,0,0,54,53,53,53,53,0,0,0,0,0,0,4,4,4,4,4,4,246,162,0,0,0,0,178,188,192,191,194,198
303,Vadnais Lake,2832,2873,2871,2863,2797,2919,2737,2756,2663,2690,1584,1582,23,23,23,21,4,4,0,0,2,2,2,2,0,0,0,0,0,0,45,41,72,71,68,69,6,6,6,6,6,6,4,4,6,6,6,6,145,146,144,149,146,162,54,63,129,129,137,131
304,Valentine Lake,1143,1144,1142,1148,1149,1154,1209,1219,1172,1172,694,700,0,0,0,0,0,0,0,0,0,0,0,0,0,0,0,0,0,0,56,52,152,154,155,157,34,34,32,32,34,34,35,33,34,34,32,32,90,94,94,98,100,100,72,80,67,65,66,64
305,Valley Lake,6639,7051,7180,7179,7185,7185,7185,7188,7204,7200,7194,7226,32,32,34,30,28,30,30,32,34,40,50,328,62,76,68,72,82,82,82,82,82,74,76,74,10,8,6,6,6,6,6,6,4,4,4,4,4,4,4,4,4,6,6,8,8,8,8,8
306,Virginia Lake,490,1285,1329,1354,1347,1339,1102,1102,1080,793,757,761,0,6,6,8,6,6,6,6,6,6,6,6,0,4,4,4,4,5,6,6,6,6,4,4,0,2,2,0,0,0,0,0,0,0,0,0,23,39,43,45,45,47,44,44,52,51,46,46
307,Wabasso Lake,1212,1215,1213,1217,1215,1207,1103,1109,1003,1010,547,551,0,0,0,0,0,0,6,6,0,0,0,0,0,0,0,0,0,0,101,97,183,183,182,182,66,68,68,68,68,70,32,38,70,70,70,70,118,118,118,118,116,115,68,80,63,63,64,56
308,Waconia Lake,91,412,421,594,794,793,732,730,727,465,457,454,47,55,232,241,49,47,46,45,47,45,44,45,2,2,2,4,4,4,10,9,9,9,9,9,0,0,0,0,0,0,0,0,0,0,0,0,10,10,11,11,11,11,11,13,13,13,14,16
309,Wasserman Lake,793,1059,1154,1149,1150,1145,671,670,681,723,906,911,17,82,13,13,11,11,13,13,16,14,6,4,13,13,13,15,13,13,19,19,19,19,19,19,0,0,0,0,0,0,0,2,2,2,2,2,39,51,63,73,75,73,81,81,81,87,99,119
310,Weaver Lake,0,7896,7586,8168,8409,8402,8453,8402,8381,5576,5672,5770,0,220,495,297,315,322,315,328,318,608,490,494,0,230,99,95,117,111,121,129,141,140,146,140,0,8,7,5,6,6,6,6,6,6,6,6,0,191,205,223,243,418,418,416,410,580,596,590
311,Weber Pond,0,0,205,203,207,205,105,104,103,103,103,103,0,0,0,0,0,0,0,0,0,0,0,10,0,0,0,0,0,0,48,50,62,66,66,50,0,0,0,0,0,0,0,0,30,34,34,29,0,0,31,29,15,29,32,32,32,30,30,30
312,West Boot Lake,0,0,27,27,26,27,15,16,14,14,14,14,0,0,18,18,18,18,18,20,16,16,16,13,0,0,0,0,0,0,0,0,0,0,0,0,0,0,0,0,0,0,0,0,0,0,0,0,0,0,0,0,0,0,0,0,0,0,0,0
313,West Lakeland Storage Site,0,0,290,286,288,288,148,147,145,145,145,145,0,0,4,4,3,4,4,4,4,4,4,4,0,0,0,0,0,0,0,0,0,0,0,0,0,0,0,0,0,0,0,0,0,0,0,0,0,0,8,8,4,8,14,12,8,8,8,8
314,Westwood Lake,0,4139,3950,3920,3936,3887,3884,3876,3880,2846,2851,2868,0,28,28,28,56,52,52,52,52,52,52,52,0,582,782,785,1270,1243,1021,1247,1023,1715,1721,1261,0,332,582,578,1268,1036,810,1042,818,1518,1516,1060,0,30,26,26,30,30,30,30,30,31,31,31
315,Whaletail Lake,2,687,685,717,972,1028,1027,1365,1030,836,833,835,2,110,101,86,356,425,422,762,422,446,443,445,0,12,12,12,12,12,12,412,12,10,10,10,0,2,1,4,4,2,4,4,4,6,6,6,0,10,10,22,24,24,24,24,28,36,36,36
316,White Bear Lake,258,258,326,328,322,326,303,303,295,295,179,176,0,0,0,0,0,0,0,0,0,0,0,0,0,0,0,0,0,0,0,0,0,0,0,0,0,0,0,0,0,0,0,0,0,0,0,0,6,6,10,10,8,10,4,4,4,4,4,4
317,White Rock Lake,0,0,841,845,840,863,444,451,447,441,443,426,0,0,137,131,122,121,150,154,122,120,122,97,0,0,0,0,0,0,38,40,28,26,26,26,0,0,0,0,0,0,0,0,0,0,20,20,0,0,70,71,40,69,112,142,100,106,86,74
318,Wilmes Lake,0,0,6450,6441,6534,6459,3267,3267,3262,3274,3271,3282,0,0,0,0,0,0,0,0,0,0,0,0,0,0,0,0,0,0,140,142,138,138,134,146,0,0,0,0,0,0,0,0,4,4,4,4,0,0,297,286,142,285,436,438,436,436,434,433
319,Windsor Lake,0,3895,3765,3761,5558,7875,7878,7868,7870,15572,10813,10816,0,1782,1782,1782,3564,5880,5880,5880,5880,14256,9504,9504,0,93,93,92,119,99,99,99,104,96,96,96,0,1809,1806,1806,3597,5908,5904,5906,5906,14282,9530,9528,0,1812,1812,1812,3596,5912,5912,5912,5912,14288,9542,9544
320,Wing Lake,0,3062,3075,3080,3080,3085,3070,3074,3081,1885,1887,1881,0,0,0,0,0,0,0,0,0,0,0,0,0,228,225,222,388,84,82,82,82,78,78,74,0,1,0,0,0,0,0,0,0,0,0,0,0,5,7,6,6,6,8,8,8,8,8,10
321,Winkler Lake,61,63,65,64,63,64,49,49,44,55,53,53,116,114,114,114,116,114,114,114,115,113,114,116,0,0,0,0,0,0,8,8,8,8,6,6,0,0,0,0,0,0,0,0,0,0,0,0,0,0,0,0,0,0,13,13,13,13,13,13
322,Wolsfeld Lake,0,1209,1316,1261,1264,1270,1266,1264,1270,851,863,864,0,85,85,82,92,89,93,86,90,86,88,88,0,43,43,45,44,44,44,44,44,42,40,40,0,2,2,2,2,0,2,2,4,2,2,2,0,68,69,85,97,99,91,91,95,94,94,98
323,Wood Lake,2512,2460,2458,2458,2446,2446,2448,2452,2454,2430,2436,2432,0,0,0,0,0,0,0,0,0,0,0,0,93,95,95,95,93,91,91,91,91,85,87,89,0,0,0,0,0,0,0,0,0,0,0,0,0,0,0,0,0,0,0,0,0,0,0,0
324,Woodpile Lake,0,0,379,376,379,376,197,198,187,185,188,183,0,0,33,35,33,33,44,42,28,28,26,25,0,0,0,2,2,2,10,10,4,4,4,4,0,0,0,0,0,0,0,0,0,0,0,0,0,0,71,69,36,69,86,84,74,74,74,65
325,Young America Lake,656,667,664,662,662,658,476,464,469,491,468,469,20,20,22,20,22,22,20,20,20,20,20,20,0,0,0,0,0,0,64,64,64,64,66,68,12,19,19,19,19,19,18,18,18,18,14,18,33,35,35,38,39,39,42,44,44,43,40,42
326,Zumbra Lake,190,246,248,246,362,273,178,178,177,203,196,185,2,4,4,4,4,4,8,8,8,8,8,4,0,4,4,3,6,4,7,7,7,7,5,5,0,0,0,0,0,0,0,0,0,0,0,0,21,25,25,25,25,25,12,12,12,12,14,34
